date,term,rate,direction,pnl,close_date,pnl
01/08/2008,3Y1Y,4.50656632,-1,240814.5935,01/09/2008," 240,814.59 "
01/08/2008,1Y1Y,4.273644575,-1,180902.5323,01/09/2008," 421,717.13 "
01/08/2008,8Y1Y,4.673740077,-1,109285.3459,01/09/2008," 531,002.47 "
01/08/2008,4Y2Y,4.392526208,1,-128468.5617,01/09/2008," 402,533.91 "
01/08/2008,2Y1Y,4.255694019,1,-148052.013,01/09/2008," 254,481.90 "
01/08/2008,4Y1Y,4.378273115,1,-137529.538,01/09/2008," 116,952.36 "
01/09/2008,8Y1Y,4.467480658,-1,54728.51972,01/10/2008," 171,680.88 "
01/09/2008,8Y2Y,4.514005137,-1,52730.30972,01/10/2008," 224,411.19 "
01/09/2008,7Y2Y,4.39099845,-1,38028.23904,01/10/2008," 262,439.43 "
01/09/2008,1Y3Y,3.968471511,1,-36480.04054,01/10/2008," 225,959.39 "
01/09/2008,1Y2Y,3.93931884,1,-102693.2302,01/10/2008," 123,266.16 "
01/09/2008,1Y1Y,3.911320521,1,-193005.5491,01/10/2008,"-69,739.39 "
01/10/2008,1Y1Y,3.562727285,-1,392654.9383,03/11/2008," 322,915.55 "
01/10/2008,3Y1Y,4.268211653,-1,199076.0891,03/11/2008," 521,991.63 "
01/10/2008,1Y3Y,3.921328709,-1,260621.2113,03/11/2008," 782,612.85 "
01/10/2008,5Y3Y,4.285797228,1,127387.5017,03/11/2008," 910,000.35 "
01/10/2008,5Y2Y,4.291815009,1,75886.7261,03/11/2008," 985,887.07 "
01/10/2008,5Y1Y,4.295412461,1,18204.43506,03/11/2008," 1,004,091.51 "
03/11/2008,1Y1Y,2.847797972,-1,356999.594,01/12/2008," 1,361,091.10 "
03/11/2008,1Y2Y,3.231733247,-1,327898.6794,01/12/2008," 1,688,989.78 "
03/11/2008,1Y3Y,3.444477366,-1,387371.0931,01/12/2008," 2,076,360.88 "
03/11/2008,9Y1Y,4.940566953,1,-249972.7959,01/12/2008," 1,826,388.08 "
03/11/2008,8Y2Y,4.890475288,1,-268846.3012,01/12/2008," 1,557,541.78 "
03/11/2008,8Y1Y,4.842511333,1,-287121.4633,01/12/2008," 1,270,420.32 "
01/12/2008,1Y1Y,2.20363143,-1,48106.8852,02/01/2009," 1,318,527.20 "
01/12/2008,1Y2Y,2.637189907,-1,65752.8031,02/01/2009," 1,384,280.00 "
01/12/2008,4Y1Y,3.481951609,-1,-23687.99679,02/01/2009," 1,360,592.01 "
01/12/2008,6Y2Y,3.905216787,1,123658.0607,02/01/2009," 1,484,250.07 "
01/12/2008,6Y1Y,3.791103316,1,129140.2979,02/01/2009," 1,613,390.37 "
01/12/2008,3Y1Y,2.84393689,1,195260.8613,02/01/2009," 1,808,651.23 "
02/01/2009,2Y1Y,2.957387326,-1,151616.7819,02/02/2009," 1,960,268.01 "
02/01/2009,1Y2Y,2.547559789,-1,156373.9365,02/02/2009," 2,116,641.94 "
02/01/2009,1Y1Y,2.148863449,-1,161199.5767,02/02/2009," 2,277,841.52 "
02/01/2009,8Y1Y,4.37117187,1,28867.30456,02/02/2009," 2,306,708.83 "
02/01/2009,8Y2Y,4.414025066,1,42817.32938,02/02/2009," 2,349,526.16 "
02/01/2009,9Y1Y,4.458813741,1,57238.40107,02/02/2009," 2,406,764.56 "
02/02/2009,1Y1Y,1.899290583,-1,251856.0911,02/03/2009," 2,658,620.65 "
02/02/2009,1Y2Y,2.290061512,-1,209138.3065,02/03/2009," 2,867,758.95 "
02/02/2009,1Y3Y,2.551930372,-1,184981.7466,02/03/2009," 3,052,740.70 "
02/02/2009,6Y2Y,4.113021487,1,-174716.9086,02/03/2009," 2,878,023.79 "
02/02/2009,7Y1Y,4.183266711,1,-160870.8053,02/03/2009," 2,717,152.99 "
02/02/2009,9Y1Y,4.583488403,1,-176882.6725,02/03/2009," 2,540,270.31 "
02/03/2009,1Y1Y,1.462319778,-1,77498.94655,01/04/2009," 2,617,769.26 "
02/03/2009,1Y2Y,1.934708568,-1,50858.86355,01/04/2009," 2,668,628.12 "
02/03/2009,2Y1Y,2.417466619,-1,24542.50263,01/04/2009," 2,693,170.63 "
02/03/2009,7Y3Y,4.064664858,1,10088.3107,01/04/2009," 2,703,258.94 "
02/03/2009,8Y2Y,4.163809947,1,1533.95144,01/04/2009," 2,704,792.89 "
02/03/2009,9Y1Y,4.242797249,1,1822.556028,01/04/2009," 2,706,615.45 "
01/04/2009,2Y1Y,2.43458003,-1,-3689.536337,04/05/2009," 2,702,925.91 "
01/04/2009,1Y2Y,1.896762085,-1,-33876.09643,04/05/2009," 2,669,049.81 "
01/04/2009,1Y1Y,1.369027948,-1,-64202.02345,04/05/2009," 2,604,847.79 "
01/04/2009,7Y3Y,4.097577615,1,47684.44133,04/05/2009," 2,652,532.23 "
01/04/2009,7Y2Y,4.022514168,1,63372.81123,04/05/2009," 2,715,905.04 "
01/04/2009,7Y1Y,3.945011904,1,77234.07574,04/05/2009," 2,793,139.12 "
04/05/2009,1Y1Y,1.562253719,-1,1560.821002,01/06/2009," 2,794,699.94 "
04/05/2009,1Y2Y,2.025854295,-1,-62925.22573,01/06/2009," 2,731,774.71 "
04/05/2009,1Y3Y,2.385707571,-1,-82278.1952,01/06/2009," 2,649,496.52 "
04/05/2009,8Y1Y,4.209452979,1,225979.6923,01/06/2009," 2,875,476.21 "
04/05/2009,8Y2Y,4.250226026,1,218182.493,01/06/2009," 3,093,658.70 "
04/05/2009,9Y1Y,4.292541682,1,210143.6266,01/06/2009," 3,303,802.33 "
01/06/2009,1Y1Y,1.649376436,-1,-31324.59503,01/07/2009," 3,272,477.73 "
01/06/2009,1Y2Y,2.231497256,-1,5775.217103,01/07/2009," 3,278,252.95 "
01/06/2009,1Y3Y,2.620025583,-1,9846.689731,01/07/2009," 3,288,099.64 "
01/06/2009,7Y3Y,4.649355639,1,-130334.6817,01/07/2009," 3,157,764.96 "
01/06/2009,8Y2Y,4.692700895,1,-123707.9246,01/07/2009," 3,034,057.03 "
01/06/2009,9Y1Y,4.716610993,1,-97433.29443,01/07/2009," 2,936,623.74 "
01/07/2009,1Y1Y,1.800667876,-1,-50592.23519,03/08/2009," 2,886,031.51 "
01/07/2009,1Y2Y,2.289753514,-1,-44880.61092,03/08/2009," 2,841,150.89 "
01/07/2009,1Y3Y,2.665899365,-1,6347.351303,03/08/2009," 2,847,498.25 "
01/07/2009,7Y1Y,4.293843493,1,-75697.74258,03/08/2009," 2,771,800.50 "
01/07/2009,7Y2Y,4.335222187,1,-68920.03442,03/08/2009," 2,702,880.47 "
01/07/2009,8Y1Y,4.379478607,1,-62389.58572,03/08/2009," 2,640,490.88 "
03/08/2009,1Y1Y,1.998477659,-1,153031.7735,01/09/2009," 2,793,522.66 "
03/08/2009,1Y2Y,2.451554738,-1,158639.3783,01/09/2009," 2,952,162.03 "
03/08/2009,1Y3Y,2.711024171,-1,128805.5591,01/09/2009," 3,080,967.59 "
03/08/2009,7Y3Y,4.261668602,1,-59169.59165,01/09/2009," 3,021,798.00 "
03/08/2009,7Y2Y,4.206466233,1,-62727.31787,01/09/2009," 2,959,070.68 "
03/08/2009,7Y1Y,4.15101577,1,-60161.46819,01/09/2009," 2,898,909.22 "
01/09/2009,1Y1Y,1.78474981,-1,104496.8525,01/10/2009," 3,003,406.07 "
01/09/2009,1Y2Y,2.201633036,-1,85912.32257,01/10/2009," 3,089,318.39 "
01/09/2009,1Y3Y,2.513421013,-1,84382.82506,01/10/2009," 3,173,701.22 "
01/09/2009,8Y1Y,4.141500402,1,3223.047964,01/10/2009," 3,176,924.26 "
01/09/2009,7Y2Y,4.089330778,1,2027.90917,01/10/2009," 3,178,952.17 "
01/09/2009,7Y1Y,4.038989118,1,879.4580461,01/10/2009," 3,179,831.63 "
01/10/2009,1Y1Y,1.650000426,-1,-57682.04078,02/11/2009," 3,122,149.59 "
01/10/2009,1Y2Y,2.09316368,-1,-32780.77084,02/11/2009," 3,089,368.82 "
01/10/2009,1Y3Y,2.400949123,-1,-6714.432455,02/11/2009," 3,082,654.39 "
01/10/2009,7Y1Y,4.050517623,1,-1804.265152,02/11/2009," 3,080,850.12 "
01/10/2009,7Y2Y,4.103003215,1,-4806.705148,02/11/2009," 3,076,043.42 "
01/10/2009,8Y1Y,4.157361323,1,-7763.928266,02/11/2009," 3,068,279.49 "
02/11/2009,1Y1Y,1.84072938,-1,137137.2506,01/12/2009," 3,205,416.74 "
02/11/2009,1Y2Y,2.215519683,-1,141521.1998,01/12/2009," 3,346,937.94 "
02/11/2009,1Y3Y,2.462676242,-1,135221.5797,01/12/2009," 3,482,159.52 "
02/11/2009,8Y2Y,4.211299173,1,-61287.13207,01/12/2009," 3,420,872.39 "
02/11/2009,7Y2Y,4.102236628,1,-69843.74002,01/12/2009," 3,351,028.65 "
02/11/2009,8Y1Y,4.149438277,1,-70889.9906,01/12/2009," 3,280,138.66 "
01/12/2009,1Y1Y,1.635069812,-1,-79353.30893,04/01/2010," 3,200,785.35 "
01/12/2009,1Y2Y,1.985768946,-1,-86230.17065,04/01/2010," 3,114,555.18 "
01/12/2009,1Y3Y,2.240098775,-1,-90549.00065,04/01/2010," 3,024,006.18 "
01/12/2009,8Y2Y,4.099600939,1,118934.0504,04/01/2010," 3,142,940.23 "
01/12/2009,7Y2Y,3.971983467,1,121904.5284,04/01/2010," 3,264,844.75 "
01/12/2009,8Y1Y,4.014723322,1,126413.7612,04/01/2010," 3,391,258.52 "
04/01/2010,1Y1Y,1.855740174,-1,184025.7299,01/02/2010," 3,575,284.25 "
04/01/2010,1Y2Y,2.208213343,-1,171037.0432,01/02/2010," 3,746,321.29 "
04/01/2010,1Y3Y,2.466823551,-1,152058.3218,01/02/2010," 3,898,379.61 "
04/01/2010,7Y2Y,4.22646797,1,-77553.52935,01/02/2010," 3,820,826.08 "
04/01/2010,8Y2Y,4.347704807,1,-83122.13291,01/02/2010," 3,737,703.95 "
04/01/2010,8Y1Y,4.275750798,1,-76039.95724,01/02/2010," 3,661,663.99 "
01/02/2010,1Y1Y,1.541184861,-1,211400.3074,01/03/2010," 3,873,064.30 "
01/02/2010,1Y2Y,1.912660624,-1,185450.3819,01/03/2010," 4,058,514.68 "
01/02/2010,1Y3Y,2.207047743,-1,153027.6483,01/03/2010," 4,211,542.33 "
01/02/2010,9Y1Y,4.250481164,1,7180.161441,01/03/2010," 4,218,722.49 "
01/02/2010,8Y2Y,4.189716243,1,12680.58082,01/03/2010," 4,231,403.07 "
01/02/2010,8Y1Y,4.131142525,1,17986.09051,01/03/2010," 4,249,389.16 "
01/03/2010,1Y1Y,1.177148245,-1,-33719.75049,01/04/2010," 4,215,669.41 "
01/03/2010,3Y1Y,2.700072275,-1,114575.55,01/04/2010," 4,330,244.96 "
01/03/2010,1Y3Y,1.957039962,-1,34690.88055,01/04/2010," 4,364,935.84 "
01/03/2010,8Y1Y,4.176449268,1,-49071.09926,01/04/2010," 4,315,864.74 "
01/03/2010,8Y2Y,4.223811575,1,-50267.42779,01/04/2010," 4,265,597.31 "
01/03/2010,9Y1Y,4.272956441,1,-51707.72319,01/04/2010," 4,213,889.59 "
01/04/2010,1Y1Y,1.294751833,-1,98779.19816,03/05/2010," 4,312,668.79 "
01/04/2010,1Y2Y,1.653383496,-1,94106.69219,03/05/2010," 4,406,775.48 "
01/04/2010,5Y1Y,3.601334158,-1,119378.3503,03/05/2010," 4,526,153.83 "
01/04/2010,8Y1Y,4.086758586,1,-54428.73235,03/05/2010," 4,471,725.10 "
01/04/2010,8Y2Y,4.131455015,1,-54721.07722,03/05/2010," 4,417,004.02 "
01/04/2010,9Y1Y,4.176959363,1,-54632.86111,03/05/2010," 4,362,371.16 "
03/05/2010,3Y1Y,2.511487038,-1,203099.5212,01/06/2010," 4,565,470.68 "
03/05/2010,1Y1Y,1.148574395,-1,123427.4596,01/06/2010," 4,688,898.14 "
03/05/2010,1Y3Y,1.839554358,-1,169906.0084,01/06/2010," 4,858,804.15 "
03/05/2010,8Y1Y,3.98906048,1,-182790.8747,01/06/2010," 4,676,013.28 "
03/05/2010,8Y2Y,4.031234336,1,-175321.9061,01/06/2010," 4,500,691.37 "
03/05/2010,9Y1Y,4.074911258,1,-167061.8115,01/06/2010," 4,333,629.56 "
01/06/2010,3Y1Y,2.155997927,-1,106772.4245,01/07/2010," 4,440,401.98 "
01/06/2010,3Y2Y,2.409294703,-1,88432.71953,01/07/2010," 4,528,834.70 "
01/06/2010,2Y2Y,1.851002965,-1,87499.40722,01/07/2010," 4,616,334.11 "
01/06/2010,9Y1Y,3.751066753,1,-15036.63082,01/07/2010," 4,601,297.48 "
01/06/2010,8Y1Y,3.633246893,1,-26516.02324,01/07/2010," 4,574,781.46 "
01/06/2010,8Y2Y,3.690310141,1,-20363.37877,01/07/2010," 4,554,418.08 "
01/07/2010,4Y1Y,2.580199109,-1,-64343.34322,02/08/2010," 4,490,074.73 "
01/07/2010,3Y2Y,2.280752211,-1,-80909.71461,02/08/2010," 4,409,165.02 "
01/07/2010,3Y1Y,1.988942486,-1,-98376.01808,02/08/2010," 4,310,789.00 "
01/07/2010,9Y1Y,3.732975365,1,49240.90387,02/08/2010," 4,360,029.90 "
01/07/2010,8Y2Y,3.661357922,1,50765.98292,02/08/2010," 4,410,795.89 "
01/07/2010,8Y1Y,3.591811624,1,52356.87284,02/08/2010," 4,463,152.76 "
02/08/2010,3Y1Y,2.231909958,-1,290889.18,01/09/2010," 4,754,041.94 "
02/08/2010,4Y1Y,2.754269435,-1,354319.2102,01/09/2010," 5,108,361.15 "
02/08/2010,3Y2Y,2.487895775,-1,320759.6077,01/09/2010," 5,429,120.76 "
02/08/2010,9Y1Y,3.842887799,1,-385791.8011,01/09/2010," 5,043,328.96 "
02/08/2010,8Y2Y,3.773967844,1,-373397.5125,01/09/2010," 4,669,931.44 "
02/08/2010,8Y1Y,3.707269035,1,-361613.7459,01/09/2010," 4,308,317.70 "
01/09/2010,3Y1Y,1.690567961,-1,-84405.26452,01/10/2010," 4,223,912.43 "
01/09/2010,3Y2Y,1.882541426,-1,-87254.78175,01/10/2010," 4,136,657.65 "
01/09/2010,3Y3Y,2.063063734,-1,-80668.38454,01/10/2010," 4,055,989.27 "
01/09/2010,7Y3Y,2.974113309,1,67814.40935,01/10/2010," 4,123,803.68 "
01/09/2010,8Y2Y,3.036312296,1,66729.84045,01/10/2010," 4,190,533.52 "
01/09/2010,9Y1Y,3.078062427,1,71573.42349,01/10/2010," 4,262,106.94 "
01/10/2010,3Y1Y,1.896843599,-1,-76187.61953,01/11/2010," 4,185,919.32 "
01/10/2010,3Y2Y,2.092623564,-1,-83015.21951,01/11/2010," 4,102,904.10 "
01/10/2010,4Y1Y,2.292956664,-1,-91163.76008,01/11/2010," 4,011,740.34 "
01/10/2010,8Y1Y,3.130334053,1,85313.63852,01/11/2010," 4,097,053.98 "
01/10/2010,8Y2Y,3.179238201,1,86595.24008,01/11/2010," 4,183,649.22 "
01/10/2010,9Y1Y,3.229610259,1,87886.43431,01/11/2010," 4,271,535.66 "
01/11/2010,4Y1Y,2.511600439,-1,-258133.6729,01/12/2010," 4,013,401.98 "
01/11/2010,3Y2Y,2.291784271,-1,-214148.5454,01/12/2010," 3,799,253.44 "
01/11/2010,4Y2Y,2.66279272,-1,-263852.8394,01/12/2010," 3,535,400.60 "
01/11/2010,8Y1Y,3.3098367,1,281500.4837,01/12/2010," 3,816,901.08 "
01/11/2010,8Y2Y,3.361108668,1,278883.3201,01/12/2010," 4,095,784.40 "
01/11/2010,9Y1Y,3.413866287,1,276257.2484,01/12/2010," 4,372,041.65 "
01/12/2010,3Y1Y,2.478277926,-1,-23135.52578,03/01/2011," 4,348,906.12 "
01/12/2010,3Y2Y,2.774520286,-1,2154.924941,03/01/2011," 4,351,061.05 "
01/12/2010,4Y1Y,3.079182552,-1,26732.43749,03/01/2011," 4,377,793.49 "
01/12/2010,9Y1Y,3.974820991,1,57660.96943,03/01/2011," 4,435,454.46 "
01/12/2010,8Y2Y,3.926771263,1,51684.60106,03/01/2011," 4,487,139.06 "
01/12/2010,8Y1Y,3.880036106,1,46087.82892,03/01/2011," 4,533,226.89 "
03/01/2011,3Y1Y,2.576269973,-1,-196845.509,01/02/2011," 4,336,381.38 "
03/01/2011,2Y2Y,2.26780856,-1,-238558.2483,01/02/2011," 4,097,823.13 "
03/01/2011,1Y3Y,1.907643723,-1,-274599.354,01/02/2011," 3,823,223.77 "
03/01/2011,9Y1Y,4.100136198,1,3180.794895,01/02/2011," 3,826,404.57 "
03/01/2011,8Y2Y,4.039750413,1,5715.788393,01/02/2011," 3,832,120.36 "
03/01/2011,8Y1Y,3.981456922,1,8765.673421,01/02/2011," 3,840,886.03 "
01/02/2011,1Y1Y,1.958556223,-1,6885.518015,01/03/2011," 3,847,771.55 "
01/02/2011,1Y2Y,2.25373557,-1,37228.65383,01/03/2011," 3,885,000.20 "
01/02/2011,1Y3Y,2.495728004,-1,36779.16248,01/03/2011," 3,921,779.37 "
01/02/2011,7Y3Y,4.001342606,1,-56330.71627,01/03/2011," 3,865,448.65 "
01/02/2011,8Y1Y,4.007863234,1,-73601.15031,01/03/2011," 3,791,847.50 "
01/02/2011,8Y2Y,4.059743322,1,-61323.62964,01/03/2011," 3,730,523.87 "
01/03/2011,1Y1Y,2.000782267,-1,-164612.0334,01/04/2011," 3,565,911.84 "
01/03/2011,3Y1Y,2.978391652,-1,-111237.8125,01/04/2011," 3,454,674.02 "
01/03/2011,1Y3Y,2.462264723,-1,-164641.8222,01/04/2011," 3,290,032.20 "
01/03/2011,8Y2Y,3.94637915,1,99467.76303,01/04/2011," 3,389,499.96 "
01/03/2011,7Y2Y,3.837456801,1,90448.56287,01/04/2011," 3,479,948.53 "
01/03/2011,8Y1Y,3.865247077,1,98290.84079,01/04/2011," 3,578,239.37 "
01/04/2011,1Y1Y,2.389601775,-1,54723.03846,02/05/2011," 3,632,962.41 "
01/04/2011,1Y2Y,2.63761336,-1,60239.34105,02/05/2011," 3,693,201.75 "
01/04/2011,1Y3Y,2.828693067,-1,64387.686,02/05/2011," 3,757,589.43 "
01/04/2011,6Y3Y,3.968141132,1,-68225.72504,02/05/2011," 3,689,363.71 "
01/04/2011,6Y1Y,3.855977401,1,-60868.42388,02/05/2011," 3,628,495.28 "
01/04/2011,8Y1Y,4.068508187,1,-73898.60899,02/05/2011," 3,554,596.68 "
02/05/2011,1Y1Y,2.331584937,-1,226299.2203,01/06/2011," 3,780,895.90 "
02/05/2011,1Y2Y,2.553360518,-1,235060.7137,01/06/2011," 4,015,956.61 "
02/05/2011,1Y3Y,2.733293161,-1,223877.6433,01/06/2011," 4,239,834.25 "
02/05/2011,7Y1Y,3.855709804,1,-88318.54339,01/06/2011," 4,151,515.71 "
02/05/2011,7Y2Y,3.890620218,1,-84087.83892,01/06/2011," 4,067,427.87 "
02/05/2011,8Y1Y,3.926636094,1,-79184.73589,01/06/2011," 3,988,243.13 "
01/06/2011,3Y1Y,2.744259718,-1,-64913.29338,01/07/2011," 3,923,329.84 "
01/06/2011,3Y2Y,2.934720666,-1,-28126.69972,01/07/2011," 3,895,203.14 "
01/06/2011,4Y1Y,3.130092472,-1,9420.787979,01/07/2011," 3,904,623.93 "
01/06/2011,6Y3Y,3.661984243,1,64515.18943,01/07/2011," 3,969,139.12 "
01/06/2011,7Y2Y,3.732639477,1,70491.99531,01/07/2011," 4,039,631.11 "
01/06/2011,8Y1Y,3.776201456,1,119755.7106,01/07/2011," 4,159,386.82 "
01/07/2011,3Y1Y,2.920869034,-1,290624.2229,01/08/2011," 4,450,011.05 "
01/07/2011,2Y2Y,2.642127638,-1,297187.6374,01/08/2011," 4,747,198.69 "
01/07/2011,1Y3Y,2.398406091,-1,288789.8961,01/08/2011," 5,035,988.58 "
01/07/2011,6Y2Y,3.695531936,1,-96761.58126,01/08/2011," 4,939,227.00 "
01/07/2011,7Y1Y,3.745045755,1,-77192.94105,01/08/2011," 4,862,034.06 "
01/07/2011,9Y1Y,4.090178089,1,-112661.7738,01/08/2011," 4,749,372.29 "
01/08/2011,3Y1Y,2.390818659,-1,172594.0018,01/09/2011," 4,921,966.29 "
01/08/2011,3Y2Y,2.635465153,-1,159032.0718,01/09/2011," 5,080,998.36 "
01/08/2011,4Y1Y,2.891289958,-1,147852.543,01/09/2011," 5,228,850.90 "
01/08/2011,6Y3Y,3.548632236,1,-146493.0709,01/09/2011," 5,082,357.83 "
01/08/2011,7Y2Y,3.607782024,1,-143305.9749,01/09/2011," 4,939,051.86 "
01/08/2011,8Y1Y,3.610624047,1,-113446.8754,01/09/2011," 4,825,604.98 "
01/09/2011,3Y1Y,2.103069081,-1,197581.4281,03/10/2011," 5,023,186.41 "
01/09/2011,3Y2Y,2.368183493,-1,209077.0418,03/10/2011," 5,232,263.45 "
01/09/2011,2Y2Y,1.752769193,-1,160695.0506,03/10/2011," 5,392,958.50 "
01/09/2011,8Y1Y,3.39428035,1,-178764.5516,03/10/2011," 5,214,193.95 "
01/09/2011,7Y2Y,3.331717883,1,-226188.47,03/10/2011," 4,988,005.48 "
01/09/2011,7Y1Y,3.27065917,1,-272621.3629,03/10/2011," 4,715,384.12 "
03/10/2011,3Y1Y,1.754818075,-1,86810.01001,01/11/2011," 4,802,194.13 "
03/10/2011,2Y2Y,1.476128815,-1,63108.87231,01/11/2011," 4,865,303.00 "
03/10/2011,3Y2Y,1.994235634,-1,81582.12298,01/11/2011," 4,946,885.12 "
03/10/2011,7Y1Y,2.734773801,1,33363.56719,01/11/2011," 4,980,248.69 "
03/10/2011,5Y1Y,2.309634971,1,53509.47217,01/11/2011," 5,033,758.16 "
03/10/2011,9Y1Y,2.963727488,1,75561.8531,01/11/2011," 5,109,320.01 "
01/11/2011,4Y1Y,2.126638785,-1,-111485.3756,01/12/2011," 4,997,834.64 "
01/11/2011,8Y1Y,3.320032362,-1,153177.8193,01/12/2011," 5,151,012.46 "
01/11/2011,3Y2Y,1.871704359,-1,-105162.7313,01/12/2011," 5,045,849.73 "
01/11/2011,7Y3Y,3.072892554,1,47945.23873,01/12/2011," 5,093,794.97 "
01/11/2011,7Y1Y,2.810504725,1,204930.2577,01/12/2011," 5,298,725.22 "
01/11/2011,9Y1Y,3.096763068,1,88413.27557,01/12/2011," 5,387,138.50 "
01/12/2011,3Y1Y,1.883502634,-1,198829.8898,02/01/2012," 5,585,968.39 "
01/12/2011,3Y2Y,2.135461067,-1,177790.1333,02/01/2012," 5,763,758.52 "
01/12/2011,2Y2Y,1.508998243,-1,155211.5319,02/01/2012," 5,918,970.05 "
01/12/2011,8Y2Y,3.144018169,1,-84202.27767,02/01/2012," 5,834,767.78 "
01/12/2011,7Y2Y,3.119067949,1,-114091.6926,02/01/2012," 5,720,676.08 "
01/12/2011,8Y1Y,2.993477814,1,-38126.9229,02/01/2012," 5,682,549.16 "
02/01/2012,4Y1Y,2.136267493,-1,151860.696,01/02/2012," 5,834,409.86 "
02/01/2012,3Y2Y,1.830658173,-1,136902.8916,01/02/2012," 5,971,312.75 "
02/01/2012,3Y1Y,1.536559611,-1,126274.1626,01/02/2012," 6,097,586.91 "
02/01/2012,8Y2Y,2.982890539,1,18287.50961,01/02/2012," 6,115,874.42 "
02/01/2012,7Y2Y,2.89748093,1,7508.614905,01/02/2012," 6,123,383.04 "
02/01/2012,8Y1Y,2.921140269,1,34831.23638,01/02/2012," 6,158,214.27 "
01/02/2012,3Y1Y,1.336650856,-1,12047.70368,01/03/2012," 6,170,261.98 "
01/02/2012,3Y2Y,1.604541589,-1,25018.6045,01/03/2012," 6,195,280.58 "
01/02/2012,3Y3Y,1.85329921,-1,36969.13641,01/03/2012," 6,232,249.72 "
01/02/2012,7Y3Y,2.966307801,1,-31863.7546,01/03/2012," 6,200,385.96 "
01/02/2012,8Y2Y,3.027993487,1,-25509.97889,01/03/2012," 6,174,875.98 "
01/02/2012,9Y1Y,3.052795742,1,-16882.7363,01/03/2012," 6,157,993.25 "
01/03/2012,3Y1Y,1.360308205,-1,19248.80402,02/04/2012," 6,177,242.05 "
01/03/2012,3Y2Y,1.598832423,-1,14219.53554,02/04/2012," 6,191,461.59 "
01/03/2012,3Y3Y,1.821212529,-1,12079.16977,02/04/2012," 6,203,540.76 "
01/03/2012,7Y3Y,2.915080401,1,-3874.951661,02/04/2012," 6,199,665.80 "
01/03/2012,8Y2Y,2.987732633,1,-7083.711003,02/04/2012," 6,192,582.09 "
01/03/2012,9Y1Y,3.025374268,1,8256.592454,02/04/2012," 6,200,838.69 "
02/04/2012,4Y1Y,1.869316708,-1,145430.3859,02/05/2012," 6,346,269.07 "
02/04/2012,3Y2Y,1.611811297,-1,146308.9479,02/05/2012," 6,492,578.02 "
02/04/2012,3Y1Y,1.363028198,-1,150563.6752,02/05/2012," 6,643,141.69 "
02/04/2012,7Y3Y,2.918750127,1,-81329.52607,02/05/2012," 6,561,812.17 "
02/04/2012,8Y2Y,2.984197518,1,-78265.88792,02/05/2012," 6,483,546.28 "
02/04/2012,8Y1Y,2.918820103,1,-78134.73886,02/05/2012," 6,405,411.54 "
02/05/2012,4Y1Y,1.623030003,-1,241337.4781,01/06/2012," 6,646,749.02 "
02/05/2012,4Y2Y,1.86686576,-1,297994.3206,01/06/2012," 6,944,743.34 "
02/05/2012,3Y2Y,1.361529231,-1,203530.5755,01/06/2012," 7,148,273.92 "
02/05/2012,8Y2Y,2.839589223,1,-482396.8192,01/06/2012," 6,665,877.10 "
02/05/2012,8Y1Y,2.774465346,1,-498067.7579,01/06/2012," 6,167,809.34 "
02/05/2012,9Y1Y,2.906065311,1,-466436.758,01/06/2012," 5,701,372.58 "
01/06/2012,3Y1Y,0.805727646,-1,-57587.43817,02/07/2012," 5,643,785.14 "
01/06/2012,3Y2Y,0.986727084,-1,-100562.5663,02/07/2012," 5,543,222.58 "
01/06/2012,4Y1Y,1.17037737,-1,-145754.284,02/07/2012," 5,397,468.29 "
01/06/2012,7Y2Y,1.769191282,1,356382.3858,02/07/2012," 5,753,850.68 "
01/06/2012,1Y1Y,0.145697001,1,29915.85912,02/07/2012," 5,783,766.54 "
01/06/2012,8Y1Y,1.780233156,1,408283.5419,02/07/2012," 6,192,050.08 "
02/07/2012,4Y1Y,1.509740189,-1,127273.2656,01/08/2012," 6,319,323.35 "
02/07/2012,3Y2Y,1.231116439,-1,99023.14381,01/08/2012," 6,418,346.49 "
02/07/2012,4Y2Y,1.731284381,-1,116696.1367,01/08/2012," 6,535,042.63 "
02/07/2012,7Y3Y,2.538577986,1,5142.452049,01/08/2012," 6,540,185.08 "
02/07/2012,8Y2Y,2.617180054,1,8857.42304,01/08/2012," 6,549,042.50 "
02/07/2012,9Y1Y,2.618118531,1,-2069.199755,01/08/2012," 6,546,973.30 "
01/08/2012,3Y1Y,0.857074373,-1,45632.69175,03/09/2012," 6,592,605.99 "
01/08/2012,5Y1Y,1.786984079,-1,38710.3917,03/09/2012," 6,631,316.38 "
01/08/2012,3Y2Y,1.074383388,-1,33396.81617,03/09/2012," 6,664,713.20 "
01/08/2012,1Y1Y,0.052028404,1,-8147.220951,03/09/2012," 6,656,565.98 "
01/08/2012,8Y2Y,2.644603694,1,-102912.423,03/09/2012," 6,553,653.56 "
01/08/2012,9Y1Y,2.609052521,1,-43681.15948,03/09/2012," 6,509,972.40 "
03/09/2012,4Y1Y,1.296901904,-1,-19975.11063,01/10/2012," 6,489,997.29 "
03/09/2012,3Y2Y,1.047501242,-1,-18595.35106,01/10/2012," 6,471,401.94 "
03/09/2012,4Y2Y,1.520661283,-1,-21497.49216,01/10/2012," 6,449,904.44 "
03/09/2012,8Y2Y,2.449667546,1,44210.3997,01/10/2012," 6,494,114.84 "
03/09/2012,1Y1Y,0.04501769,1,26385.94322,01/10/2012," 6,520,500.79 "
03/09/2012,8Y1Y,2.365431466,1,45895.23663,01/10/2012," 6,566,396.02 "
01/10/2012,4Y1Y,1.380961233,-1,29079.17345,01/11/2012," 6,595,475.20 "
01/10/2012,4Y2Y,1.605061221,-1,25795.61336,01/11/2012," 6,621,270.81 "
01/10/2012,3Y2Y,1.124789798,-1,30486.24037,01/11/2012," 6,651,757.05 "
01/10/2012,9Y1Y,2.634735685,1,46060.82343,01/11/2012," 6,697,817.87 "
01/10/2012,8Y2Y,2.550476656,1,52556.0868,01/11/2012," 6,750,373.96 "
01/10/2012,8Y1Y,2.467960498,1,58959.9192,01/11/2012," 6,809,333.88 "
01/11/2012,4Y1Y,1.366031846,-1,67667.15023,03/12/2012," 6,877,001.03 "
01/11/2012,4Y2Y,1.594017376,-1,77211.98326,03/12/2012," 6,954,213.01 "
01/11/2012,3Y2Y,1.102872635,-1,59751.80454,03/12/2012," 7,013,964.82 "
01/11/2012,8Y2Y,2.670249193,1,-65999.43,03/12/2012," 6,947,965.39 "
01/11/2012,1Y1Y,0.098751351,1,-18196.9533,03/12/2012," 6,929,768.43 "
01/11/2012,9Y1Y,2.737890788,1,-56019.67636,03/12/2012," 6,873,748.76 "
03/12/2012,4Y1Y,1.27402761,-1,59213.8378,02/01/2013," 6,932,962.60 "
03/12/2012,4Y2Y,1.479181722,-1,56823.70858,02/01/2013," 6,989,786.30 "
03/12/2012,3Y2Y,1.02208472,-1,37086.95628,02/01/2013," 7,026,873.26 "
03/12/2012,8Y2Y,2.552687414,1,9551.009652,02/01/2013," 7,036,424.27 "
03/12/2012,8Y1Y,2.466660944,1,11099.33595,02/01/2013," 7,047,523.61 "
03/12/2012,1Y1Y,0.075043126,1,-1749.863417,02/01/2013," 7,045,773.74 "
02/01/2013,3Y1Y,0.7805224,-1,-134658.5085,01/02/2013," 6,911,115.23 "
02/01/2013,3Y2Y,0.985245161,-1,-130850.084,01/02/2013," 6,780,265.15 "
02/01/2013,3Y3Y,1.192559995,-1,-123299.333,01/02/2013," 6,656,965.82 "
02/01/2013,1Y2Y,0.211989975,1,167068.7811,01/02/2013," 6,824,034.60 "
02/01/2013,9Y1Y,2.670687233,1,36871.38342,01/02/2013," 6,860,905.98 "
02/01/2013,1Y1Y,0.085051585,1,162791.6116,01/02/2013," 7,023,697.59 "
01/02/2013,4Y1Y,1.478167735,-1,138035.6566,01/03/2013," 7,161,733.25 "
01/02/2013,4Y2Y,1.669185232,-1,116530.9413,01/03/2013," 7,278,264.19 "
01/02/2013,3Y2Y,1.276859437,-1,147575.5764,01/03/2013," 7,425,839.77 "
01/02/2013,7Y3Y,2.596796617,1,-51663.49327,01/03/2013," 7,374,176.27 "
01/02/2013,8Y2Y,2.692011544,1,-45536.82263,01/03/2013," 7,328,639.45 "
01/02/2013,9Y1Y,2.753783862,1,-31899.69295,01/03/2013," 7,296,739.76 "
01/03/2013,5Y1Y,1.71456568,-1,91073.07999,02/04/2013," 7,387,812.84 "
01/03/2013,4Y2Y,1.47507971,-1,71273.70358,02/04/2013," 7,459,086.54 "
01/03/2013,4Y1Y,1.239713941,-1,52004.29719,02/04/2013," 7,511,090.84 "
01/03/2013,8Y2Y,2.617729296,1,-66233.02374,02/04/2013," 7,444,857.82 "
01/03/2013,9Y1Y,2.704545838,1,-52489.42157,02/04/2013," 7,392,368.39 "
01/03/2013,1Y1Y,0.117383501,1,-15940.93824,02/04/2013," 7,376,427.46 "
02/04/2013,4Y1Y,1.171500945,-1,114929.9015,02/05/2013," 7,491,357.36 "
02/04/2013,3Y2Y,0.954026726,-1,116829.1161,02/05/2013," 7,608,186.47 "
02/04/2013,4Y2Y,1.367017606,-1,120036.2061,02/05/2013," 7,728,222.68 "
02/04/2013,2Y1Y,0.337182546,1,-73055.02677,02/05/2013," 7,655,167.65 "
02/04/2013,1Y2Y,0.216402795,1,-59450.93799,02/05/2013," 7,595,716.71 "
02/04/2013,1Y1Y,0.095045412,1,-45047.23686,02/05/2013," 7,550,669.48 "
02/05/2013,4Y1Y,0.980053639,-1,-158789.8484,03/06/2013," 7,391,879.63 "
02/05/2013,4Y2Y,1.161706726,-1,-164208.3748,03/06/2013," 7,227,671.25 "
02/05/2013,3Y2Y,0.753267955,-1,-156550.3366,03/06/2013," 7,071,120.92 "
02/05/2013,2Y1Y,0.206884685,1,134019.671,03/06/2013," 7,205,140.59 "
02/05/2013,1Y2Y,0.108490127,1,109300.8352,03/06/2013," 7,314,441.42 "
02/05/2013,1Y1Y,0.01285125,1,83360.29337,03/06/2013," 7,397,801.72 "
03/06/2013,4Y1Y,1.336972555,-1,-181605.8243,01/07/2013," 7,216,195.89 "
03/06/2013,4Y2Y,1.525859342,-1,-170128.5274,01/07/2013," 7,046,067.37 "
03/06/2013,3Y2Y,1.100925716,-1,-174408.5668,01/07/2013," 6,871,658.80 "
03/06/2013,1Y2Y,0.344356743,1,77734.25256,01/07/2013," 6,949,393.05 "
03/06/2013,1Y1Y,0.19518897,1,57436.03193,01/07/2013," 7,006,829.08 "
03/06/2013,9Y1Y,2.802600761,1,77841.94271,01/07/2013," 7,084,671.03 "
01/07/2013,3Y1Y,1.251179056,-1,32366.34983,01/08/2013," 7,117,037.38 "
01/07/2013,3Y2Y,1.493400948,-1,29113.45587,01/08/2013," 7,146,150.83 "
01/07/2013,4Y1Y,1.742839473,-1,27338.53985,01/08/2013," 7,173,489.37 "
01/07/2013,7Y3Y,2.796534524,1,-5554.813925,01/08/2013," 7,167,934.56 "
01/07/2013,8Y2Y,2.896864908,1,3712.350463,01/08/2013," 7,171,646.91 "
01/07/2013,9Y1Y,2.970578198,1,16185.25608,01/08/2013," 7,187,832.16 "
01/08/2013,3Y1Y,1.234652663,-1,-118189.1767,02/09/2013," 7,069,642.99 "
01/08/2013,3Y2Y,1.480349477,-1,-115085.8851,02/09/2013," 6,954,557.10 "
01/08/2013,4Y1Y,1.730358916,-1,-113283.7191,02/09/2013," 6,841,273.38 "
01/08/2013,8Y2Y,2.923210774,1,77949.40918,02/09/2013," 6,919,222.79 "
01/08/2013,1Y1Y,0.275716163,1,52366.25988,02/09/2013," 6,971,589.05 "
01/08/2013,9Y1Y,3.019079506,1,86384.92612,02/09/2013," 7,057,973.98 "
02/09/2013,3Y1Y,1.520421459,-1,146855.4721,01/10/2013," 7,204,829.45 "
02/09/2013,3Y2Y,1.7548878,-1,137442.887,01/10/2013," 7,342,272.34 "
02/09/2013,2Y2Y,1.217255441,-1,135795.7819,01/10/2013," 7,478,068.12 "
02/09/2013,7Y2Y,2.901379153,1,-40229.64121,01/10/2013," 7,437,838.48 "
02/09/2013,8Y2Y,3.094953212,1,-33613.68794,01/10/2013," 7,404,224.79 "
02/09/2013,8Y1Y,2.982445924,1,-22221.72202,01/10/2013," 7,382,003.07 "
01/10/2013,3Y1Y,1.277011263,-1,127608.8238,01/11/2013," 7,509,611.89 "
01/10/2013,3Y2Y,1.526889969,-1,127937.2052,01/11/2013," 7,637,549.10 "
01/10/2013,4Y1Y,1.780266194,-1,128087.046,01/11/2013," 7,765,636.14 "
01/10/2013,1Y1Y,0.272283011,1,-45906.27836,01/11/2013," 7,719,729.87 "
01/10/2013,8Y2Y,3.045098858,1,-27608.95478,01/11/2013," 7,692,120.91 "
01/10/2013,9Y1Y,3.136778234,1,-27679.41163,01/11/2013," 7,664,441.50 "
01/11/2013,3Y1Y,1.064584001,-1,14129.68752,02/12/2013," 7,678,571.19 "
01/11/2013,3Y2Y,1.312991757,-1,4336.191853,02/12/2013," 7,682,907.38 "
01/11/2013,4Y1Y,1.565345263,-1,-6827.450837,02/12/2013," 7,676,079.93 "
01/11/2013,8Y2Y,3.007399982,1,27160.89724,02/12/2013," 7,703,240.82 "
01/11/2013,9Y1Y,3.095729631,1,31607.38961,02/12/2013," 7,734,848.21 "
01/11/2013,1Y1Y,0.192661429,1,-51737.89769,02/12/2013," 7,683,110.32 "
02/12/2013,3Y1Y,1.088671875,-1,-89437.3351,02/01/2014," 7,593,672.98 "
02/12/2013,3Y2Y,1.353350881,-1,-89902.81516,02/01/2014," 7,503,770.17 "
02/12/2013,4Y1Y,1.625921191,-1,-88853.17904,02/01/2014," 7,414,916.99 "
02/12/2013,8Y2Y,3.079153759,1,51739.10591,02/01/2014," 7,466,656.09 "
02/12/2013,9Y1Y,3.174903779,1,56263.39943,02/01/2014," 7,522,919.49 "
02/12/2013,1Y1Y,0.099037589,1,49514.71355,02/01/2014," 7,572,434.21 "
02/01/2014,3Y1Y,1.318581701,-1,209712.0426,03/02/2014," 7,782,146.25 "
02/01/2014,3Y2Y,1.58121101,-1,223095.467,03/02/2014," 8,005,241.72 "
02/01/2014,4Y1Y,1.848765976,-1,236250.5872,03/02/2014," 8,241,492.30 "
02/01/2014,1Y1Y,0.216753512,1,-74218.35165,03/02/2014," 8,167,273.95 "
02/01/2014,8Y2Y,3.201094311,1,-179227.3326,03/02/2014," 7,988,046.62 "
02/01/2014,9Y1Y,3.304853945,1,-188322.497,03/02/2014," 7,799,724.12 "
03/02/2014,3Y1Y,0.938630571,-1,67094.04579,03/03/2014," 7,866,818.17 "
03/02/2014,3Y2Y,1.173003836,-1,73631.40098,03/03/2014," 7,940,449.57 "
03/02/2014,4Y1Y,1.413923201,-1,81053.29938,03/03/2014," 8,021,502.87 "
03/02/2014,1Y2Y,0.248617718,1,-7092.770759,03/03/2014," 8,014,410.10 "
03/02/2014,9Y1Y,2.940573819,1,-55092.22142,03/03/2014," 7,959,317.88 "
03/02/2014,1Y1Y,0.075019283,1,6851.468252,03/03/2014," 7,966,169.34 "
03/03/2014,4Y1Y,1.291175215,-1,27102.77772,01/04/2014," 7,993,272.12 "
03/03/2014,4Y2Y,1.507595221,-1,33120.26632,01/04/2014," 8,026,392.39 "
03/03/2014,5Y1Y,1.726328635,-1,39974.63585,01/04/2014," 8,066,367.02 "
03/03/2014,9Y1Y,2.847721577,1,-29178.91207,01/04/2014," 8,037,188.11 "
03/03/2014,1Y2Y,0.250631009,1,20443.13754,01/04/2014," 8,057,631.25 "
03/03/2014,1Y1Y,0.098932937,1,26598.45264,01/04/2014," 8,084,229.70 "
01/04/2014,4Y1Y,1.273026922,-1,68541.81648,02/05/2014," 8,152,771.52 "
01/04/2014,3Y2Y,1.06523397,-1,65000.37798,02/05/2014," 8,217,771.90 "
01/04/2014,4Y2Y,1.476083335,-1,70918.00649,02/05/2014," 8,288,689.90 "
01/04/2014,9Y1Y,2.806403797,1,-83569.96055,02/05/2014," 8,205,119.94 "
01/04/2014,1Y2Y,0.306489688,1,-47941.31351,02/05/2014," 8,157,178.63 "
01/04/2014,1Y1Y,0.161953535,1,-43323.01287,02/05/2014," 8,113,855.62 "
02/05/2014,3Y1Y,0.771194518,-1,107203.6411,02/06/2014," 8,221,059.26 "
02/05/2014,3Y2Y,0.969353482,-1,105852.5688,02/06/2014," 8,326,911.83 "
02/05/2014,4Y1Y,1.169865019,-1,103811.0749,02/06/2014," 8,430,722.90 "
02/05/2014,9Y1Y,2.655842465,1,-60772.73368,02/06/2014," 8,369,950.17 "
02/05/2014,1Y2Y,0.225541256,1,-61342.69832,02/06/2014," 8,308,607.47 "
02/05/2014,1Y1Y,0.082696779,1,-43973.88028,02/06/2014," 8,264,633.59 "
02/06/2014,5Y1Y,1.412406748,-1,90373.45933,01/07/2014," 8,355,007.05 "
02/06/2014,4Y2Y,1.204101405,-1,90685.53521,01/07/2014," 8,445,692.58 "
02/06/2014,4Y1Y,0.997129016,-1,91218.25102,01/07/2014," 8,536,910.83 "
02/06/2014,9Y1Y,2.549738929,1,-66401.15374,01/07/2014," 8,470,509.68 "
02/06/2014,1Y2Y,0.113991875,1,-29017.10266,01/07/2014," 8,441,492.58 "
02/06/2014,1Y1Y,0.000970133,1,-14875.30167,01/07/2014," 8,426,617.28 "
01/07/2014,4Y1Y,0.850742721,-1,78365.50534,01/08/2014," 8,504,982.78 "
01/07/2014,4Y2Y,1.058412805,-1,87695.74986,01/08/2014," 8,592,678.53 "
01/07/2014,5Y1Y,1.267087852,-1,97270.2091,01/08/2014," 8,689,948.74 "
01/07/2014,2Y1Y,0.1536677,1,-10040.62301,01/08/2014," 8,679,908.12 "
01/07/2014,1Y2Y,0.065367552,1,-2326.125039,01/08/2014," 8,677,581.99 "
01/07/2014,1Y1Y,-0.023035421,1,5244.605818,01/08/2014," 8,682,826.60 "
01/08/2014,6Y1Y,1.47725213,-1,220465.3827,01/09/2014," 8,903,291.98 "
01/08/2014,5Y1Y,1.104894078,-1,190419.3648,01/09/2014," 9,093,711.35 "
01/08/2014,5Y2Y,1.288226337,-1,204321.3445,01/09/2014," 9,298,032.69 "
01/08/2014,2Y1Y,0.144302851,1,-79966.05267,01/09/2014," 9,218,066.64 "
01/08/2014,1Y2Y,0.069139777,1,-65080.72276,01/09/2014," 9,152,985.91 "
01/08/2014,1Y1Y,-0.007087165,1,-49604.99545,01/09/2014," 9,103,380.92 "
01/09/2014,5Y1Y,0.750155153,-1,6078.644005,01/10/2014," 9,109,459.56 "
01/09/2014,5Y2Y,0.905486817,-1,-11100.28874,01/10/2014," 9,098,359.27 "
01/09/2014,7Y1Y,1.375826816,-1,-39695.66916,01/10/2014," 9,058,663.61 "
01/09/2014,2Y1Y,-0.0089502,1,-27822.08191,01/10/2014," 9,030,841.52 "
01/09/2014,1Y2Y,-0.055542661,1,-26383.22739,01/10/2014," 9,004,458.30 "
01/09/2014,1Y1Y,-0.102011288,1,-24773.34931,01/10/2014," 8,979,684.95 "
01/10/2014,6Y1Y,1.152668944,-1,57121.00238,03/11/2014," 9,036,805.95 "
01/10/2014,5Y2Y,0.959719322,-1,45199.56776,03/11/2014," 9,082,005.52 "
01/10/2014,5Y1Y,0.769536983,-1,34005.80849,03/11/2014," 9,116,011.33 "
01/10/2014,2Y1Y,-0.05718527,1,14278.0941,03/11/2014," 9,130,289.42 "
01/10/2014,1Y2Y,-0.10356575,1,11784.34018,03/11/2014," 9,142,073.76 "
01/10/2014,1Y1Y,-0.148990338,1,8875.414642,03/11/2014," 9,150,949.17 "
03/11/2014,7Y1Y,1.438215603,-1,155491.2357,01/12/2014," 9,306,440.41 "
03/11/2014,5Y1Y,0.730829486,-1,97381.81954,01/12/2014," 9,403,822.23 "
03/11/2014,6Y2Y,1.250811897,-1,139758.6013,01/12/2014," 9,543,580.83 "
03/11/2014,2Y1Y,-0.020962272,1,-12188.8624,01/12/2014," 9,531,391.97 "
03/11/2014,1Y2Y,-0.074551098,1,-2868.620283,01/12/2014," 9,528,523.35 "
03/11/2014,1Y1Y,-0.128004024,1,6423.393083,01/12/2014," 9,534,946.74 "
01/12/2014,8Y1Y,1.500598762,-1,235106.8016,02/01/2015," 9,770,053.54 "
01/12/2014,7Y2Y,1.325898999,-1,204821.4491,02/01/2015," 9,974,874.99 "
01/12/2014,6Y3Y,1.162223318,-1,185070.5158,02/01/2015," 10,159,945.51 "
01/12/2014,9Y1Y,1.546084574,1,-176387.8124,02/01/2015," 9,983,557.70 "
01/12/2014,1Y2Y,-0.076536594,1,-38245.87388,02/01/2015," 9,945,311.82 "
01/12/2014,1Y1Y,-0.113007751,1,-36977.77952,02/01/2015," 9,908,334.04 "
02/01/2015,7Y1Y,0.825453344,-1,49708.64249,02/02/2015," 9,958,042.68 "
02/01/2015,6Y2Y,0.695082081,-1,33816.89341,02/02/2015," 9,991,859.58 "
02/01/2015,7Y2Y,0.937089498,-1,73762.87236,02/02/2015," 10,065,622.45 "
02/01/2015,1Y3Y,-0.103450228,1,179.1775101,02/02/2015," 10,065,801.63 "
02/01/2015,1Y2Y,-0.149596102,1,-3217.931473,02/02/2015," 10,062,583.70 "
02/01/2015,1Y1Y,-0.185662724,1,-7037.082873,02/02/2015," 10,055,546.61 "
02/02/2015,7Y1Y,0.741131274,-1,-43657.73267,02/03/2015," 10,011,888.88 "
02/02/2015,6Y2Y,0.642464609,-1,-41151.81905,02/03/2015," 9,970,737.06 "
02/02/2015,6Y1Y,0.54453415,-1,-38709.89287,02/03/2015," 9,932,027.17 "
02/02/2015,1Y3Y,-0.097107959,1,-9920.890582,02/03/2015," 9,922,106.28 "
02/02/2015,1Y2Y,-0.151533134,1,-12842.00161,02/03/2015," 9,909,264.28 "
02/02/2015,1Y1Y,-0.196952737,1,-10167.88329,02/03/2015," 9,899,096.39 "
02/03/2015,5Y1Y,0.42553666,-1,69843.34409,01/04/2015," 9,968,939.74 "
02/03/2015,5Y2Y,0.532522814,-1,85404.81178,01/04/2015," 10,054,344.55 "
02/03/2015,6Y1Y,0.640204021,-1,101145.5522,01/04/2015," 10,155,490.10 "
02/03/2015,1Y3Y,-0.110376961,1,-18866.53065,01/04/2015," 10,136,623.57 "
02/03/2015,1Y2Y,-0.173500791,1,-15263.60311,01/04/2015," 10,121,359.97 "
02/03/2015,1Y1Y,-0.217006432,1,-11889.72157,01/04/2015," 10,109,470.25 "
01/04/2015,5Y1Y,0.300316018,-1,-135499.9233,04/05/2015," 9,973,970.32 "
01/04/2015,5Y2Y,0.375110105,-1,-146155.3153,04/05/2015," 9,827,815.01 "
01/04/2015,4Y2Y,0.212129828,-1,-125311.1733,04/05/2015," 9,702,503.83 "
01/04/2015,9Y1Y,0.677106759,1,218475.1303,04/05/2015," 9,920,978.96 "
01/04/2015,1Y2Y,-0.200514583,1,47006.71144,04/05/2015," 9,967,985.68 "
01/04/2015,1Y1Y,-0.239933072,1,31277.86446,04/05/2015," 9,999,263.54 "
04/05/2015,5Y1Y,0.590003785,-1,-60626.98634,01/06/2015," 9,938,636.55 "
04/05/2015,4Y2Y,0.48074131,-1,-52989.49915,01/06/2015," 9,885,647.05 "
04/05/2015,4Y1Y,0.37139346,-1,-45345.89535,01/06/2015," 9,840,301.16 "
04/05/2015,1Y2Y,-0.098967059,1,-11609.40875,01/06/2015," 9,828,691.75 "
04/05/2015,9Y1Y,1.119118523,1,137068.5128,01/06/2015," 9,965,760.26 "
04/05/2015,1Y1Y,-0.172980283,1,-7155.724833,01/06/2015," 9,958,604.54 "
01/06/2015,4Y1Y,0.487921289,-1,-130557.5567,01/07/2015," 9,828,046.98 "
01/06/2015,4Y2Y,0.609697673,-1,-161053.0776,01/07/2015," 9,666,993.90 "
01/06/2015,3Y2Y,0.336361106,-1,-109319.6971,01/07/2015," 9,557,674.21 "
01/06/2015,8Y2Y,1.344847685,1,293188.0746,01/07/2015," 9,850,862.28 "
01/06/2015,1Y2Y,-0.115980371,1,20755.66265,01/07/2015," 9,871,617.94 "
01/06/2015,1Y1Y,-0.184989641,1,3799.92784,01/07/2015," 9,875,417.87 "
01/07/2015,4Y1Y,0.782316175,-1,153414.9113,03/08/2015," 10,028,832.78 "
01/07/2015,4Y2Y,0.963990464,-1,163730.9405,03/08/2015," 10,192,563.72 "
01/07/2015,3Y2Y,0.586737923,-1,129629.3656,03/08/2015," 10,322,193.09 "
01/07/2015,1Y2Y,-0.063506679,1,-31799.5454,03/08/2015," 10,290,393.54 "
01/07/2015,9Y1Y,2.001537456,1,-176099.8924,03/08/2015," 10,114,293.65 "
01/07/2015,1Y1Y,-0.172089137,1,-14853.74854,03/08/2015," 10,099,439.90 "
03/08/2015,5Y1Y,0.825127776,-1,-59471.56666,01/09/2015," 10,039,968.34 "
03/08/2015,4Y2Y,0.663745112,-1,-64319.3917,01/09/2015," 9,975,648.95 "
03/08/2015,4Y1Y,0.5025938,-1,-69571.92783,01/09/2015," 9,906,077.02 "
03/08/2015,2Y1Y,-0.041003587,1,16775.56427,01/09/2015," 9,922,852.58 "
03/08/2015,1Y2Y,-0.119482154,1,9150.58494,01/09/2015," 9,932,003.17 "
03/08/2015,1Y1Y,-0.19799195,1,1281.493035,01/09/2015," 9,933,284.66 "
01/09/2015,6Y1Y,1.317456901,-1,157248.2197,01/10/2015," 10,090,532.88 "
01/09/2015,4Y1Y,0.670445951,-1,143819.49,01/10/2015," 10,234,352.37 "
01/09/2015,3Y2Y,0.500687573,-1,131262.576,01/10/2015," 10,365,614.95 "
01/09/2015,1Y2Y,-0.091086166,1,-58387.30723,01/10/2015," 10,307,227.64 "
01/09/2015,1Y1Y,-0.188983501,1,-44612.32271,01/10/2015," 10,262,615.32 "
01/09/2015,9Y1Y,1.849755567,1,-135632.9204,01/10/2015," 10,126,982.40 "
01/10/2015,6Y1Y,1.029475344,-1,-35454.09074,02/11/2015," 10,091,528.30 "
01/10/2015,5Y2Y,0.872358526,-1,-29493.19094,02/11/2015," 10,062,035.11 "
01/10/2015,5Y1Y,0.716013794,-1,-24079.56949,02/11/2015," 10,037,955.54 "
01/10/2015,9Y1Y,1.587938087,1,73251.70947,02/11/2015," 10,111,207.25 "
01/10/2015,1Y2Y,-0.199979278,1,-20883.70592,02/11/2015," 10,090,323.55 "
01/10/2015,1Y1Y,-0.275636452,1,-24721.27736,02/11/2015," 10,065,602.27 "
02/11/2015,4Y1Y,0.450162352,-1,84996.10535,01/12/2015," 10,150,598.38 "
02/11/2015,4Y2Y,0.621327754,-1,83351.11656,01/12/2015," 10,233,949.49 "
02/11/2015,5Y1Y,0.792510783,-1,81397.02697,01/12/2015," 10,315,346.52 "
02/11/2015,1Y3Y,-0.11381799,1,-80248.96347,01/12/2015," 10,235,097.56 "
02/11/2015,1Y2Y,-0.233037428,1,-76065.0841,01/12/2015," 10,159,032.47 "
02/11/2015,1Y1Y,-0.321000518,1,-67720.18816,01/12/2015," 10,091,312.28 "
01/12/2015,5Y1Y,0.659556411,-1,-45733.50663,04/01/2016," 10,045,578.78 "
01/12/2015,6Y1Y,1.01007853,-1,-27624.94659,04/01/2016," 10,017,953.83 "
01/12/2015,5Y2Y,0.833923865,-1,-36703.60439,04/01/2016," 9,981,250.23 "
01/12/2015,1Y3Y,-0.26186567,1,74854.95203,04/01/2016," 10,056,105.18 "
01/12/2015,1Y2Y,-0.378092268,1,64017.45627,04/01/2016," 10,120,122.63 "
01/12/2015,1Y1Y,-0.454969629,1,50287.45791,04/01/2016," 10,170,410.09 "
04/01/2016,4Y1Y,0.498645498,-1,183771.7826,01/02/2016," 10,354,181.87 "
04/01/2016,6Y1Y,1.092353277,-1,160160.2481,01/02/2016," 10,514,342.12 "
04/01/2016,3Y1Y,0.189351968,-1,170836.165,01/02/2016," 10,685,178.29 "
04/01/2016,9Y1Y,1.744734492,1,-168504.4824,01/02/2016," 10,516,673.81 "
04/01/2016,1Y2Y,-0.239060782,1,-108724.2604,01/02/2016," 10,407,949.54 "
04/01/2016,1Y1Y,-0.349006414,1,-90347.33859,01/02/2016," 10,317,602.21 "
01/02/2016,5Y1Y,0.493520065,-1,156097.4284,01/03/2016," 10,473,699.63 "
01/02/2016,4Y2Y,0.32480874,-1,138950.2621,01/03/2016," 10,612,649.90 "
01/02/2016,5Y2Y,0.644205184,-1,147955.6229,01/03/2016," 10,760,605.52 "
01/02/2016,8Y1Y,1.19579766,1,-62527.21544,01/03/2016," 10,698,078.30 "
01/02/2016,1Y2Y,-0.450040637,1,-58831.45984,01/03/2016," 10,639,246.84 "
01/02/2016,1Y1Y,-0.528931536,1,-44302.7148,01/03/2016," 10,594,944.13 "
01/03/2016,6Y1Y,0.545120739,-1,-3323.621133,01/04/2016," 10,591,620.51 "
01/03/2016,6Y2Y,0.688304053,-1,2986.604253,01/04/2016," 10,594,607.11 "
01/03/2016,5Y2Y,0.374294814,-1,-12853.28547,01/04/2016," 10,581,753.83 "
01/03/2016,1Y3Y,-0.479479909,1,40133.08474,01/04/2016," 10,621,886.91 "
01/03/2016,1Y2Y,-0.563389389,1,53151.41333,01/04/2016," 10,675,038.32 "
01/03/2016,1Y1Y,-0.619704822,1,59347.32355,01/04/2016," 10,734,385.65 "
01/04/2016,5Y1Y,0.27433624,-1,-60462.22455,02/05/2016," 10,673,923.42 "
01/04/2016,5Y2Y,0.425391559,-1,-60636.99857,02/05/2016," 10,613,286.43 "
01/04/2016,6Y1Y,0.576502878,-1,-60912.69714,02/05/2016," 10,552,373.73 "
01/04/2016,1Y2Y,-0.453002089,1,7944.451297,02/05/2016," 10,560,318.18 "
01/04/2016,8Y1Y,0.854004437,1,154442.7586,02/05/2016," 10,714,760.94 "
01/04/2016,1Y1Y,-0.502006922,1,10699.53365,02/05/2016," 10,725,460.47 "
02/05/2016,5Y1Y,0.426758091,-1,121463.1486,01/06/2016," 10,846,923.62 "
02/05/2016,5Y2Y,0.575069671,-1,116817.4309,01/06/2016," 10,963,741.05 "
02/05/2016,4Y2Y,0.246527135,-1,100067.3863,01/06/2016," 11,063,808.44 "
02/05/2016,1Y3Y,-0.354612004,1,-37634.67561,01/06/2016," 11,026,173.76 "
02/05/2016,1Y2Y,-0.433054551,1,-27057.11964,01/06/2016," 10,999,116.64 "
02/05/2016,1Y1Y,-0.480941516,1,-19599.23983,01/06/2016," 10,979,517.40 "
01/06/2016,6Y1Y,0.526126984,-1,157231.1169,01/07/2016," 11,136,748.52 "
01/06/2016,8Y1Y,1.107011731,-1,173999.1007,01/07/2016," 11,310,747.62 "
01/06/2016,6Y2Y,0.667210855,-1,156230.7983,01/07/2016," 11,466,978.42 "
01/06/2016,1Y3Y,-0.424112654,1,-81170.00212,01/07/2016," 11,385,808.42 "
01/06/2016,1Y2Y,-0.4844434,1,-64376.77988,01/07/2016," 11,321,431.64 "
01/06/2016,1Y1Y,-0.521856519,1,-48811.00961,01/07/2016," 11,272,620.63 "
01/07/2016,6Y1Y,0.238569022,-1,64583.26089,01/08/2016," 11,337,203.89 "
01/07/2016,7Y1Y,0.525500684,-1,65545.93205,01/08/2016," 11,402,749.82 "
01/07/2016,6Y2Y,0.380366793,-1,64275.94513,01/08/2016," 11,467,025.76 "
01/07/2016,1Y3Y,-0.584705174,1,11341.53129,01/08/2016," 11,478,367.30 "
01/07/2016,1Y2Y,-0.614218265,1,17383.11963,01/08/2016," 11,495,750.42 "
01/07/2016,1Y1Y,-0.62602951,1,27120.81985,01/08/2016," 11,522,871.24 "
01/08/2016,7Y1Y,0.418696573,-1,15898.5745,01/09/2016," 11,538,769.81 "
01/08/2016,6Y2Y,0.275401968,-1,12347.62396,01/09/2016," 11,551,117.43 "
01/08/2016,6Y1Y,0.132324805,-1,9009.529943,01/09/2016," 11,560,126.96 "
01/08/2016,1Y3Y,-0.561400158,1,13490.01304,01/09/2016," 11,573,616.98 "
01/08/2016,1Y2Y,-0.581222547,1,13407.10425,01/09/2016," 11,587,024.08 "
01/08/2016,1Y1Y,-0.576736822,1,7878.499602,01/09/2016," 11,594,902.58 "
01/09/2016,6Y1Y,0.136656338,-1,-3196.752151,03/10/2016," 11,591,705.83 "
01/09/2016,6Y2Y,0.273021581,-1,-3555.525598,03/10/2016," 11,588,150.30 "
01/09/2016,7Y1Y,0.409207088,-1,-4107.494498,03/10/2016," 11,584,042.81 "
01/09/2016,1Y3Y,-0.533503516,1,566.5342011,03/10/2016," 11,584,609.34 "
01/09/2016,1Y2Y,-0.555249297,1,1323.895084,03/10/2016," 11,585,933.24 "
01/09/2016,1Y1Y,-0.566508802,1,5471.074732,03/10/2016," 11,591,404.31 "
03/10/2016,6Y1Y,0.167857908,-1,-173285.2552,01/11/2016," 11,418,119.06 "
03/10/2016,6Y2Y,0.304084301,-1,-172278.1375,01/11/2016," 11,245,840.92 "
03/10/2016,6Y3Y,0.436974146,-1,-157439.8369,01/11/2016," 11,088,401.08 "
03/10/2016,1Y3Y,-0.531136605,1,90129.22947,01/11/2016," 11,178,530.31 "
03/10/2016,1Y2Y,-0.553276373,1,74543.12032,01/11/2016," 11,253,073.43 "
03/10/2016,1Y1Y,-0.559755953,1,56983.12984,01/11/2016," 11,310,056.56 "
01/11/2016,6Y1Y,0.538907551,-1,-163704.4741,01/12/2016," 11,146,352.09 "
01/11/2016,5Y2Y,0.389792185,-1,-153017.5654,01/12/2016," 10,993,334.52 "
01/11/2016,5Y1Y,0.241488238,-1,-142672.1567,01/12/2016," 10,850,662.37 "
01/11/2016,1Y3Y,-0.345559078,1,45175.83388,01/12/2016," 10,895,838.20 "
01/11/2016,1Y2Y,-0.401082368,1,25930.44163,01/12/2016," 10,921,768.64 "
01/11/2016,1Y1Y,-0.447981841,1,15212.92228,01/12/2016," 10,936,981.56 "
01/12/2016,8Y1Y,1.610839281,-1,169933.1347,02/01/2017," 11,106,914.70 "
01/12/2016,7Y2Y,1.396819225,-1,128578.1719,02/01/2017," 11,235,492.87 "
01/12/2016,6Y3Y,1.227624606,-1,114478.432,02/01/2017," 11,349,971.30 "
01/12/2016,1Y2Y,-0.342704342,1,-32638.23152,02/01/2017," 11,317,333.07 "
01/12/2016,1Y1Y,-0.417067557,1,-16397.35357,02/01/2017," 11,300,935.72 "
01/12/2016,9Y1Y,1.616057956,1,-81864.1153,02/01/2017," 11,219,071.60 "
02/01/2017,6Y1Y,0.7492875,-1,-114545.1643,01/02/2017," 11,104,526.44 "
02/01/2017,5Y2Y,0.582937468,-1,-117236.7222,01/02/2017," 10,987,289.72 "
02/01/2017,4Y3Y,0.429190299,-1,-112866.0685,01/02/2017," 10,874,423.65 "
02/01/2017,1Y3Y,-0.326947865,1,78500.50041,01/02/2017," 10,952,924.15 "
02/01/2017,1Y2Y,-0.404567032,1,64205.25684,01/02/2017," 11,017,129.40 "
02/01/2017,1Y1Y,-0.451963359,1,38608.12862,01/02/2017," 11,055,737.53 "
01/02/2017,5Y1Y,0.683129113,-1,107871.0138,01/03/2017," 11,163,608.55 "
01/02/2017,5Y2Y,0.842229197,-1,116206.6508,01/03/2017," 11,279,815.20 "
01/02/2017,6Y1Y,1.002948337,-1,124999.1127,01/03/2017," 11,404,814.31 "
01/02/2017,1Y3Y,-0.158041384,1,-54477.19221,01/03/2017," 11,350,337.12 "
01/02/2017,1Y2Y,-0.266891104,1,-39140.982,01/03/2017," 11,311,196.14 "
01/02/2017,1Y1Y,-0.371105434,1,-17850.44113,01/03/2017," 11,293,345.70 "
01/03/2017,5Y1Y,0.499449606,-1,424.8585207,03/04/2017," 11,293,770.55 "
01/03/2017,5Y2Y,0.637585509,-1,-5906.996048,03/04/2017," 11,287,863.56 "
01/03/2017,5Y3Y,0.784090871,-1,-1668.645715,03/04/2017," 11,286,194.91 "
01/03/2017,1Y3Y,-0.25732237,1,34109.03375,03/04/2017," 11,320,303.95 "
01/03/2017,1Y2Y,-0.338270661,1,29306.47422,03/04/2017," 11,349,610.42 "
01/03/2017,1Y1Y,-0.403069666,1,22508.23761,03/04/2017," 11,372,118.66 "
03/04/2017,5Y1Y,0.524123825,-1,-42618.66371,02/05/2017," 11,329,499.99 "
03/04/2017,5Y2Y,0.674471457,-1,-36909.21996,02/05/2017," 11,292,590.77 "
03/04/2017,6Y1Y,0.824947415,-1,-31571.83098,02/05/2017," 11,261,018.94 "
03/04/2017,1Y3Y,-0.177862522,1,24651.86198,02/05/2017," 11,285,670.81 "
03/04/2017,1Y2Y,-0.270809123,1,16740.61987,02/05/2017," 11,302,411.42 "
03/04/2017,1Y1Y,-0.352135479,1,6962.773337,02/05/2017," 11,309,374.20 "
02/05/2017,5Y1Y,0.633556511,-1,19811.91012,01/06/2017," 11,329,186.11 "
02/05/2017,5Y2Y,0.772165269,-1,15777.55806,01/06/2017," 11,344,963.67 "
02/05/2017,6Y1Y,0.911677563,-1,12132.3966,01/06/2017," 11,357,096.06 "
02/05/2017,1Y3Y,-0.114117159,1,-22492.20729,01/06/2017," 11,334,603.86 "
02/05/2017,1Y2Y,-0.22556233,1,-17934.80225,01/06/2017," 11,316,669.05 "
02/05/2017,1Y1Y,-0.329176533,1,-12011.49029,01/06/2017," 11,304,657.56 "
01/06/2017,7Y1Y,1.213636483,-1,-49396.59489,03/07/2017," 11,255,260.97 "
01/06/2017,5Y1Y,0.61911678,-1,-56019.9018,03/07/2017," 11,199,241.07 "
01/06/2017,5Y3Y,0.912061916,-1,-57268.15853,03/07/2017," 11,141,972.91 "
01/06/2017,1Y3Y,-0.146044674,1,47213.49901,03/07/2017," 11,189,186.41 "
01/06/2017,1Y2Y,-0.250846568,1,41846.56785,03/07/2017," 11,231,032.97 "
01/06/2017,1Y1Y,-0.345401628,1,27291.15427,03/07/2017," 11,258,324.13 "
03/07/2017,6Y1Y,1.068044983,-1,11806.529,01/08/2017," 11,270,130.66 "
03/07/2017,8Y1Y,1.636001393,-1,53273.48239,01/08/2017," 11,323,404.14 "
03/07/2017,5Y2Y,0.911714322,-1,4997.754443,01/08/2017," 11,328,401.89 "
03/07/2017,1Y2Y,-0.152383562,1,-37935.96682,01/08/2017," 11,290,465.93 "
03/07/2017,1Y1Y,-0.279197581,1,-31409.6822,01/08/2017," 11,259,056.25 "
03/07/2017,9Y1Y,1.751648934,1,-10358.24567,01/08/2017," 11,248,698.00 "
01/08/2017,5Y1Y,0.787507837,-1,89605.39494,01/09/2017," 11,338,303.40 "
01/08/2017,4Y2Y,0.626691529,-1,89723.89429,01/09/2017," 11,428,027.29 "
01/08/2017,5Y2Y,0.927307232,-1,82992.42432,01/09/2017," 11,511,019.71 "
01/08/2017,2Y1Y,-0.099054546,1,-51224.08019,01/09/2017," 11,459,795.63 "
01/08/2017,1Y2Y,-0.215075665,1,-37732.81309,01/09/2017," 11,422,062.82 "
01/08/2017,1Y1Y,-0.332168016,1,-24139.33136,01/09/2017," 11,397,923.49 "
01/09/2017,5Y1Y,0.63531983,-1,-53905.19986,02/10/2017," 11,344,018.29 "
01/09/2017,5Y2Y,0.787282162,-1,-47136.18068,02/10/2017," 11,296,882.11 "
01/09/2017,6Y1Y,0.939857591,-1,-40212.16464,02/10/2017," 11,256,669.94 "
01/09/2017,2Y1Y,-0.187660147,1,44776.48539,02/10/2017," 11,301,446.43 "
01/09/2017,1Y2Y,-0.279439731,1,29980.69568,02/10/2017," 11,331,427.13 "
01/09/2017,1Y1Y,-0.372341894,1,15519.26769,02/10/2017," 11,346,946.39 "
02/10/2017,5Y1Y,0.769181233,-1,41707.5664,01/11/2017," 11,388,653.96 "
02/10/2017,7Y1Y,1.349875477,-1,56899.63475,01/11/2017," 11,445,553.59 "
02/10/2017,5Y3Y,1.052380456,-1,45959.73221,01/11/2017," 11,491,513.33 "
02/10/2017,1Y2Y,-0.205388296,1,-28223.34733,01/11/2017," 11,463,289.98 "
02/10/2017,9Y1Y,1.778470069,1,-48767.23652,01/11/2017," 11,414,522.74 "
02/10/2017,1Y1Y,-0.331170833,1,-25290.36612,01/11/2017," 11,389,232.38 "
01/11/2017,3Y1Y,0.154150219,-1,2653.571908,01/12/2017," 11,391,885.95 "
01/11/2017,3Y4Y,0.568403475,-1,39371.37956,01/12/2017," 11,431,257.33 "
01/11/2017,5Y1Y,0.709036322,-1,60297.00796,01/12/2017," 11,491,554.34 "
01/11/2017,1Y3Y,-0.115406398,1,6875.35884,01/12/2017," 11,498,429.69 "
01/11/2017,1Y2Y,-0.248953068,1,10828.62871,01/12/2017," 11,509,258.32 "
01/11/2017,1Y1Y,-0.373124809,1,9258.950353,01/12/2017," 11,518,517.27 "
01/12/2017,8Y1Y,1.408694714,-1,-29053.3089,02/01/2018," 11,489,463.96 "
01/12/2017,7Y2Y,1.263464224,-1,-45103.2479,02/01/2018," 11,444,360.72 "
01/12/2017,7Y1Y,1.120031079,-1,-60778.96257,02/01/2018," 11,383,581.75 "
01/12/2017,1Y2Y,-0.211737345,1,47868.66665,02/01/2018," 11,431,450.42 "
01/12/2017,1Y1Y,-0.343073946,1,29994.43681,02/01/2018," 11,461,444.86 "
01/12/2017,9Y1Y,1.50071185,1,64672.77605,02/01/2018," 11,526,117.63 "
02/01/2018,3Y1Y,0.377521077,-1,-131695.1467,01/02/2018," 11,394,422.49 "
02/01/2018,2Y2Y,0.223593333,-1,-104641.7577,01/02/2018," 11,289,780.73 "
02/01/2018,3Y2Y,0.497928694,-1,-142480.1743,01/02/2018," 11,147,300.55 "
02/01/2018,7Y3Y,1.46048829,1,78839.54414,01/02/2018," 11,226,140.10 "
02/01/2018,8Y2Y,1.563753228,1,63492.79771,01/02/2018," 11,289,632.90 "
02/01/2018,9Y1Y,1.643668914,1,52221.98693,01/02/2018," 11,341,854.88 "
01/02/2018,3Y1Y,0.673238582,-1,64073.79041,01/03/2018," 11,405,928.67 "
01/02/2018,2Y2Y,0.463840138,-1,50257.48339,01/03/2018," 11,456,186.16 "
01/02/2018,2Y1Y,0.254949184,-1,36689.79801,01/03/2018," 11,492,875.96 "
01/02/2018,7Y3Y,1.628589073,1,-11642.07409,01/03/2018," 11,481,233.88 "
01/02/2018,7Y1Y,1.486212946,1,18152.13038,01/03/2018," 11,499,386.01 "
01/02/2018,9Y1Y,1.756568565,1,-22547.30979,01/03/2018," 11,476,838.70 "
01/03/2018,2Y1Y,0.213339952,-1,69465.50951,03/04/2018," 11,546,304.21 "
01/03/2018,2Y2Y,0.394555157,-1,75448.38044,03/04/2018," 11,621,752.59 "
01/03/2018,3Y1Y,0.576031328,-1,79954.88899,03/04/2018," 11,701,707.48 "
01/03/2018,9Y1Y,1.722919404,1,-96113.85396,03/04/2018," 11,605,593.63 "
01/03/2018,8Y2Y,1.655167882,1,-82000.57885,03/04/2018," 11,523,593.05 "
01/03/2018,8Y1Y,1.588207509,1,-68227.56196,03/04/2018," 11,455,365.49 "
03/04/2018,3Y1Y,0.445889496,-1,-19358.33402,02/05/2018," 11,436,007.15 "
03/04/2018,2Y2Y,0.270575241,-1,-12782.78361,02/05/2018," 11,423,224.37 "
03/04/2018,3Y2Y,0.572677594,-1,-22963.81341,02/05/2018," 11,400,260.56 "
03/04/2018,7Y3Y,1.436905352,1,30582.72415,02/05/2018," 11,430,843.28 "
03/04/2018,8Y2Y,1.50076046,1,35794.83917,02/05/2018," 11,466,638.12 "
03/04/2018,9Y1Y,1.537125309,1,46224.54285,02/05/2018," 11,512,862.66 "
02/05/2018,3Y1Y,0.517895226,-1,93090.23969,01/06/2018," 11,605,952.90 "
02/05/2018,2Y2Y,0.326429009,-1,75515.51321,01/06/2018," 11,681,468.41 "
02/05/2018,2Y1Y,0.135264354,-1,57828.90299,01/06/2018," 11,739,297.32 "
02/05/2018,7Y3Y,1.510570315,1,-45815.65682,01/06/2018," 11,693,481.66 "
02/05/2018,8Y2Y,1.584105074,1,-47205.5542,01/06/2018," 11,646,276.11 "
02/05/2018,9Y1Y,1.639138544,1,-39314.28408,01/06/2018," 11,606,961.82 "
01/06/2018,3Y1Y,0.357693227,-1,58725.16582,02/07/2018," 11,665,686.99 "
01/06/2018,5Y1Y,0.914954604,-1,56463.291,02/07/2018," 11,722,150.28 "
01/06/2018,2Y2Y,0.199602673,-1,53841.99143,02/07/2018," 11,775,992.27 "
01/06/2018,9Y1Y,1.572088145,1,-26328.15228,02/07/2018," 11,749,664.12 "
01/06/2018,8Y2Y,1.501029753,1,2532.737779,02/07/2018," 11,752,196.86 "
01/06/2018,8Y1Y,1.430897786,1,30995.59703,02/07/2018," 11,783,192.45 "
02/07/2018,3Y1Y,0.26569172,-1,-52256.40713,01/08/2018," 11,730,936.05 "
02/07/2018,4Y1Y,0.554013278,-1,-38920.69876,01/08/2018," 11,692,015.35 "
02/07/2018,3Y2Y,0.408486874,-1,-46237.67996,01/08/2018," 11,645,777.67 "
02/07/2018,7Y3Y,1.421291739,1,31919.811,01/08/2018," 11,677,697.48 "
02/07/2018,8Y2Y,1.518427671,1,26404.00029,01/08/2018," 11,704,101.48 "
02/07/2018,9Y1Y,1.519628309,1,58011.59184,01/08/2018," 11,762,113.07 "
01/08/2018,3Y1Y,0.397434508,-1,75008.96022,03/09/2018," 11,837,122.03 "
01/08/2018,2Y2Y,0.24160492,-1,62454.86407,03/09/2018," 11,899,576.89 "
01/08/2018,2Y1Y,0.085702635,-1,50056.75994,03/09/2018," 11,949,633.65 "
01/08/2018,7Y3Y,1.499542964,1,-62775.36812,03/09/2018," 11,886,858.29 "
01/08/2018,8Y2Y,1.584731773,1,-62035.22667,03/09/2018," 11,824,823.06 "
01/08/2018,9Y1Y,1.646328078,1,-61740.10937,03/09/2018," 11,763,082.95 "
03/09/2018,5Y1Y,0.796944456,-1,-103678.8925,01/10/2018," 11,659,404.06 "
03/09/2018,4Y2Y,0.66217316,-1,-99100.51082,01/10/2018," 11,560,303.55 "
03/09/2018,4Y1Y,0.527592022,-1,-94564.55101,01/10/2018," 11,465,739.00 "
03/09/2018,1Y1Y,-0.297395892,1,40857.78707,01/10/2018," 11,506,596.78 "
03/09/2018,8Y2Y,1.473371273,1,69271.34146,01/10/2018," 11,575,868.12 "
03/09/2018,9Y1Y,1.532461163,1,65528.00641,01/10/2018," 11,641,396.13 "
01/10/2018,3Y1Y,0.493484676,-1,40694.91901,01/11/2018," 11,682,091.05 "
01/10/2018,2Y2Y,0.334636184,-1,37890.06072,01/11/2018," 11,719,981.11 "
01/10/2018,5Y1Y,1.029486996,-1,54819.63197,01/11/2018," 11,774,800.74 "
01/10/2018,7Y3Y,1.545662309,1,-12621.75941,01/11/2018," 11,762,178.98 "
01/10/2018,8Y2Y,1.623753112,1,-14415.73539,01/11/2018," 11,747,763.25 "
01/10/2018,9Y1Y,1.671542799,1,-1782.256409,01/11/2018," 11,745,980.99 "
01/11/2018,3Y1Y,0.437511236,-1,79009.27043,03/12/2018," 11,824,990.26 "
01/11/2018,2Y2Y,0.283551363,-1,71051.54071,03/12/2018," 11,896,041.80 "
01/11/2018,2Y1Y,0.129565645,-1,63261.47033,03/12/2018," 11,959,303.27 "
01/11/2018,8Y1Y,1.534776146,1,-33825.88783,03/12/2018," 11,925,477.39 "
01/11/2018,8Y2Y,1.606893448,1,-42324.06677,03/12/2018," 11,883,153.32 "
01/11/2018,9Y1Y,1.679912676,1,-50984.67318,03/12/2018," 11,832,168.65 "
03/12/2018,4Y1Y,0.579413278,-1,3918.497673,02/01/2019," 11,836,087.14 "
03/12/2018,4Y2Y,0.715207598,-1,83996.79369,02/01/2019," 11,920,083.94 "
03/12/2018,5Y1Y,0.851224511,-1,164217.6371,02/01/2019," 12,084,301.57 "
03/12/2018,7Y3Y,1.452701023,1,-61572.60236,02/01/2019," 12,022,728.97 "
03/12/2018,8Y2Y,1.534764483,1,-57775.92529,02/01/2019," 11,964,953.05 "
03/12/2018,9Y1Y,1.586664376,1,-50129.39196,02/01/2019," 11,914,823.65 "
02/01/2019,4Y1Y,0.613016198,-1,148410.2497,01/02/2019," 12,063,233.90 "
02/01/2019,6Y1Y,0.942089984,-1,77627.47974,01/02/2019," 12,140,861.38 "
02/01/2019,3Y2Y,0.369382623,-1,85717.78765,01/02/2019," 12,226,579.17 "
02/01/2019,1Y2Y,-0.265423995,1,15067.41943,01/02/2019," 12,241,646.59 "
02/01/2019,1Y1Y,-0.373393735,1,19202.47166,01/02/2019," 12,260,849.06 "
02/01/2019,5Y1Y,0.514443554,1,24000.98128,01/02/2019," 12,284,850.04 "
01/02/2019,7Y1Y,1.057514744,-1,16514.11988,01/03/2019," 12,301,364.16 "
01/02/2019,6Y2Y,0.930704709,-1,9447.057201,01/03/2019," 12,310,811.22 "
01/02/2019,5Y1Y,0.581246431,-1,16570.13899,01/03/2019," 12,327,381.36 "
01/02/2019,1Y2Y,-0.223915822,1,7091.288734,01/03/2019," 12,334,472.65 "
01/02/2019,1Y1Y,-0.325620784,1,7247.967522,01/03/2019," 12,341,720.62 "
01/02/2019,9Y1Y,1.362898131,1,17511.90939,01/03/2019," 12,359,232.53 "
01/03/2019,6Y1Y,0.821829009,-1,150652.9463,01/04/2019," 12,509,885.47 "
01/03/2019,6Y2Y,0.932583595,-1,148125.9765,01/04/2019," 12,658,011.45 "
01/03/2019,5Y2Y,0.69357855,-1,145945.3537,01/04/2019," 12,803,956.80 "
01/03/2019,9Y1Y,1.411540234,1,-156571.14,01/04/2019," 12,647,385.66 "
01/03/2019,1Y2Y,-0.197326383,1,-80144.25681,01/04/2019," 12,567,241.40 "
01/03/2019,1Y1Y,-0.301110169,1,-64786.84917,01/04/2019," 12,502,454.56 "
01/04/2019,6Y1Y,0.540341091,-1,-4537.199498,02/05/2019," 12,497,917.36 "
01/04/2019,6Y2Y,0.655765299,-1,-938.493437,02/05/2019," 12,496,978.86 "
01/04/2019,7Y1Y,0.77209366,-1,2213.041375,02/05/2019," 12,499,191.90 "
01/04/2019,1Y3Y,-0.265600031,1,1322.751301,02/05/2019," 12,500,514.66 "
01/04/2019,1Y2Y,-0.349606075,1,2182.592932,02/05/2019," 12,502,697.25 "
01/04/2019,1Y1Y,-0.426024259,1,4076.236626,02/05/2019," 12,506,773.49 "
02/05/2019,6Y1Y,0.568717069,-1,137076.2507,03/06/2019," 12,643,849.74 "
02/05/2019,5Y2Y,0.454567014,-1,130969.4849,03/06/2019," 12,774,819.22 "
02/05/2019,5Y1Y,0.340450173,-1,124727.2718,03/06/2019," 12,899,546.49 "
02/05/2019,1Y3Y,-0.252137069,1,-77313.16368,03/06/2019," 12,822,233.33 "
02/05/2019,1Y2Y,-0.336596828,1,-67405.57593,03/06/2019," 12,754,827.75 "
02/05/2019,1Y1Y,-0.412448925,1,-54172.91388,03/06/2019," 12,700,654.84 "
03/06/2019,6Y1Y,0.31138793,-1,96662.70721,01/07/2019," 12,797,317.55 "
03/06/2019,6Y2Y,0.412742121,-1,97620.70656,01/07/2019," 12,894,938.25 "
03/06/2019,7Y1Y,0.514625643,-1,98683.16349,01/07/2019," 12,993,621.42 "
03/06/2019,1Y3Y,-0.399838765,1,-82254.58803,01/07/2019," 12,911,366.83 "
03/06/2019,1Y2Y,-0.46702792,1,-77346.86819,01/07/2019," 12,834,019.96 "
03/06/2019,1Y1Y,-0.520954034,1,-70673.93234,01/07/2019," 12,763,346.03 "
01/07/2019,5Y1Y,-0.038006123,-1,,01/08/2019," 12,763,346.03 "
01/07/2019,4Y2Y,-0.148261542,-1,,01/08/2019," 12,763,346.03 "
01/07/2019,7Y1Y,0.334419533,-1,,01/08/2019," 12,763,346.03 "
01/07/2019,1Y3Y,-0.558726382,1,,01/08/2019," 12,763,346.03 "
01/07/2019,1Y2Y,-0.618909839,1,,01/08/2019," 12,763,346.03 "
01/07/2019,1Y1Y,-0.665826827,1,,01/08/2019," 12,763,346.03 "
