date,ccy,term,rate,direction,exit_rate,pnl,close_date
2009-08-03,eur,1Y1Y,1.9984776585730828,-1,1.692414111559688,153031.77350669738,2009-09-01
2009-08-03,eur,1Y2Y,2.451554738433282,-1,2.134275981815548,158639.37830886687,2009-09-01
2009-08-03,eur,1Y3Y,2.7110241709790177,-1,2.4534130527268934,128805.55912606217,2009-09-01
2009-08-03,eur,7Y3Y,4.261668601893016,1,4.14332941859923,-59169.591646892615,2009-09-01
2009-08-03,eur,7Y2Y,4.206466233259312,1,4.081011597515992,-62727.31787165986,2009-09-01
2009-08-03,eur,7Y1Y,4.151015769861624,1,4.030692833474101,-60161.46819376189,2009-09-01
2009-09-01,eur,1Y1Y,1.784749809538703,-1,1.5757561046223456,104496.85245817875,2009-10-01
2009-09-01,eur,1Y2Y,2.2016330359141536,-1,2.0298083907761284,85912.32256901261,2009-10-01
2009-09-01,eur,1Y3Y,2.5134210127054746,-1,2.344655362578707,84382.82506338379,2009-10-01
2009-09-01,eur,8Y1Y,4.141500402113882,1,4.147946498042261,3223.047964189263,2009-10-01
2009-09-01,eur,7Y2Y,4.089330778156487,1,4.093386596495964,2027.9091697386066,2009-10-01
2009-09-01,eur,7Y1Y,4.0389891176115835,1,4.040748033703857,879.4580461368718,2009-10-01
2009-10-01,eur,1Y1Y,1.650000425863721,-1,1.765364507421413,-57682.04077884597,2009-11-02
2009-10-01,eur,1Y2Y,2.093163679926595,-1,2.158725221600557,-32780.77083698094,2009-11-02
2009-10-01,eur,1Y3Y,2.4009491228743673,-1,2.4143779877841256,-6714.432454879126,2009-11-02
2009-10-01,eur,7Y1Y,4.050517623367687,1,4.046909093063027,-1804.265152330231,2009-11-02
2009-10-01,eur,7Y2Y,4.103003215362123,1,4.093389805066034,-4806.70514804471,2009-11-02
2009-10-01,eur,8Y1Y,4.15736132267445,1,4.1418334661424465,-7763.928266001585,2009-11-02
2009-11-02,eur,1Y1Y,1.8407293802300635,-1,1.5664548790080377,137137.2506110129,2009-12-01
2009-11-02,eur,1Y2Y,2.215519683030328,-1,1.9324772834584905,141521.1997859187,2009-12-01
2009-11-02,eur,1Y3Y,2.462676242295073,-1,2.1922330829461196,135221.5796744767,2009-12-01
2009-11-02,eur,8Y2Y,4.211299172689577,1,4.0887249085582225,-61287.13206567715,2009-12-01
2009-11-02,eur,7Y2Y,4.102236628499955,1,3.96254914845533,-69843.74002231241,2009-12-01
2009-11-02,eur,8Y1Y,4.149438276651396,1,4.007658295445039,-70889.99060317836,2009-12-01
2009-12-01,eur,1Y1Y,1.6350698118538178,-1,1.7937764297144314,-79353.3089303068,2010-01-04
2009-12-01,eur,1Y2Y,1.9857689460369528,-1,2.158229287342737,-86230.17065289218,2010-01-04
2009-12-01,eur,1Y3Y,2.240098774575758,-1,2.4211967758808455,-90549.0006525438,2010-01-04
2009-12-01,eur,8Y2Y,4.099600938980961,1,4.337469039772401,118934.05039571991,2010-01-04
2009-12-01,eur,7Y2Y,3.971983466536496,1,4.2157925234048825,121904.5284341933,2010-01-04
2009-12-01,eur,8Y1Y,4.014723321599316,1,4.267550843985585,126413.76119313463,2010-01-04
2010-01-04,eur,1Y1Y,1.8557401743664266,-1,1.4876887146542288,184025.7298560989,2010-02-01
2010-01-04,eur,1Y2Y,2.2082133431779623,-1,1.8661392567687023,171037.04320463,2010-02-01
2010-01-04,eur,1Y3Y,2.466823551114258,-1,2.1627069074552745,152058.32182949176,2010-02-01
2010-01-04,eur,7Y2Y,4.226467969966621,1,4.07136091126779,-77553.52934941539,2010-02-01
2010-01-04,eur,8Y2Y,4.3477048071893565,1,4.181460541365356,-83122.13291200044,2010-02-01
2010-01-04,eur,8Y1Y,4.275750798389751,1,4.1236708839028555,-76039.9572434478,2010-02-01
2010-02-01,eur,1Y1Y,1.5411848608700356,-1,1.1183842459992626,211400.30743538652,2010-03-01
2010-02-01,eur,1Y2Y,1.9126606244002846,-1,1.541759860541753,185450.38192926577,2010-03-01
2010-02-01,eur,1Y3Y,2.2070477428125224,-1,1.900992446219489,153027.6482965167,2010-03-01
2010-02-01,eur,9Y1Y,4.250481164478132,1,4.264841487360868,7180.1614413677935,2010-03-01
2010-02-01,eur,8Y2Y,4.18971624328407,1,4.21507740492318,12680.580819555144,2010-03-01
2010-02-01,eur,8Y1Y,4.131142524891484,1,4.167114705921074,17986.090514795273,2010-03-01
2010-03-01,eur,1Y1Y,1.1771482454537872,-1,1.2445877464363482,-33719.75049128051,2010-04-01
2010-03-01,eur,3Y1Y,2.700072275004773,-1,2.470921175061433,114575.54997167009,2010-04-01
2010-03-01,eur,1Y3Y,1.9570399623057881,-1,1.8876582011971024,34690.88055434288,2010-04-01
2010-03-01,eur,8Y1Y,4.176449268349233,1,4.0783070698275035,-49071.09926086495,2010-04-01
2010-03-01,eur,8Y2Y,4.223811575398866,1,4.123276719825447,-50267.42778670945,2010-04-01
2010-03-01,eur,9Y1Y,4.272956440656165,1,4.169540994270724,-51707.723192720325,2010-04-01
2010-04-01,eur,1Y1Y,1.294751832815416,-1,1.0971934364926543,98779.19816138082,2010-05-03
2010-04-01,eur,1Y2Y,1.6533834964674148,-1,1.4651701120870169,94106.69219019896,2010-05-03
2010-04-01,eur,5Y1Y,3.6013341575722415,-1,3.3625774569680056,119378.35030211798,2010-05-03
2010-04-01,eur,8Y1Y,4.086758585885544,1,3.9779011211922723,-54428.73234663592,2010-05-03
2010-04-01,eur,8Y2Y,4.131455015419635,1,4.0220128609716905,-54721.077223972345,2010-05-03
2010-04-01,eur,9Y1Y,4.176959362598833,1,4.067693640378495,-54632.86111016874,2010-05-03
2010-05-03,eur,3Y1Y,2.511487038057496,-1,2.1052879957457264,203099.5211558848,2010-06-01
2010-05-03,eur,1Y1Y,1.14857439526019,-1,0.9017194760092258,123427.45962548208,2010-06-01
2010-05-03,eur,1Y3Y,1.839554357542425,-1,1.499742340776821,169906.008382802,2010-06-01
2010-05-03,eur,8Y1Y,3.989060479563408,1,3.6234787301154103,-182790.8747239988,2010-06-01
2010-05-03,eur,8Y2Y,4.031234336175228,1,3.680590524021612,-175321.90607680785,2010-06-01
2010-05-03,eur,9Y1Y,4.074911257788217,1,3.740787634883606,-167061.81145230524,2010-06-01
2010-06-01,eur,3Y1Y,2.155997927286491,-1,1.942453078376229,106772.42445513091,2010-07-01
2010-06-01,eur,3Y2Y,2.409294703225262,-1,2.2324292641662713,88432.7195294954,2010-07-01
2010-06-01,eur,2Y2Y,1.8510029645839985,-1,1.6760041501425402,87499.40722072915,2010-07-01
2010-06-01,eur,9Y1Y,3.7510667526548414,1,3.7209934910203986,-15036.630817221398,2010-07-01
2010-06-01,eur,8Y1Y,3.633246893425433,1,3.5802148469428214,-26516.023241305753,2010-07-01
2010-06-01,eur,8Y2Y,3.69031014116438,1,3.6495833836191984,-20363.378772590757,2010-07-01
2010-07-01,eur,4Y1Y,2.5801991085991927,-1,2.708885795037737,-64343.34321927215,2010-08-02
2010-07-01,eur,3Y2Y,2.2807522113753613,-1,2.4425716405876368,-80909.71460613773,2010-08-02
2010-07-01,eur,3Y1Y,1.9889424862609082,-1,2.1856945224251287,-98376.01808211027,2010-08-02
2010-07-01,eur,9Y1Y,3.7329753653357254,1,3.831457173067843,49240.90386605884,2010-08-02
2010-07-01,eur,8Y2Y,3.661357921724238,1,3.7628898875709007,50765.98292333134,2010-08-02
2010-07-01,eur,8Y1Y,3.5918116241916453,1,3.6965253698703395,52356.87283934709,2010-08-02
2010-08-02,eur,3Y1Y,2.231909958400771,-1,1.6501315983531482,290889.18002381147,2010-09-01
2010-08-02,eur,4Y1Y,2.7542694349530628,-1,2.045631014552073,354319.21020049485,2010-09-01
2010-08-02,eur,3Y2Y,2.48789577467232,-1,1.846376559351636,320759.60766034207,2010-09-01
2010-08-02,eur,9Y1Y,3.8428877994984507,1,3.0713041973489776,-385791.8010747365,2010-09-01
2010-08-02,eur,8Y2Y,3.7739678442113056,1,3.0271728191527343,-373397.5125292856,2010-09-01
2010-08-02,eur,8Y1Y,3.7072690348307136,1,2.984041543041678,-361613.74589451787,2010-09-01
2010-09-01,eur,3Y1Y,1.6905679605485548,-1,1.8593784895795649,-84405.264515505,2010-10-01
2010-09-01,eur,3Y2Y,1.8825414260263609,-1,2.05705098953418,-87254.78175390966,2010-10-01
2010-09-01,eur,3Y3Y,2.0630637338821662,-1,2.2244005029648117,-80668.38454132274,2010-10-01
2010-09-01,eur,7Y3Y,2.9741133091698253,1,3.1097421278697848,67814.40934997973,2010-10-01
2010-09-01,eur,8Y2Y,3.036312295831688,1,3.1697719767329318,66729.8404506218,2010-10-01
2010-09-01,eur,9Y1Y,3.0780624268581547,1,3.2212092738338525,71573.4234878489,2010-10-01
2010-10-01,eur,3Y1Y,1.8968435990174073,-1,2.0492188380820937,-76187.6195323432,2010-11-01
2010-10-01,eur,3Y2Y,2.0926235640140805,-1,2.2586540030381896,-83015.21951205458,2010-11-01
2010-10-01,eur,4Y1Y,2.292956663503147,-1,2.4752841836633985,-91163.76008012584,2010-11-01
2010-10-01,eur,8Y1Y,3.1303340527898755,1,3.300961329824822,85313.63851747332,2010-11-01
2010-10-01,eur,8Y2Y,3.179238200629105,1,3.3524286807962165,86595.24008355568,2010-11-01
2010-10-01,eur,9Y1Y,3.2296102593597116,1,3.405383127980205,87886.43431024678,2010-11-01
2010-11-01,eur,4Y1Y,2.511600438759061,-1,3.0278677846067965,-258133.67292386768,2010-12-01
2010-11-01,eur,3Y2Y,2.291784270563945,-1,2.720081361444417,-214148.54544023608,2010-12-01
2010-11-01,eur,4Y2Y,2.6627927202524804,-1,3.1904983989661564,-263852.839356838,2010-12-01
2010-11-01,eur,8Y1Y,3.309836699698908,1,3.8728376671978366,281500.4837494644,2010-12-01
2010-11-01,eur,8Y2Y,3.361108667991631,1,3.9188753081211383,278883.3200647536,2010-12-01
2010-11-01,eur,9Y1Y,3.413866286831095,1,3.9663807835958504,276257.2483823778,2010-12-01
2010-12-01,eur,3Y1Y,2.4782779264633836,-1,2.524548978014306,-23135.525775461298,2011-01-03
2010-12-01,eur,3Y2Y,2.774520286412342,-1,2.7702104365299,2154.924941221159,2011-01-03
2010-12-01,eur,4Y1Y,3.0791825522171634,-1,3.025717677227929,26732.437494617177,2011-01-03
2010-12-01,eur,9Y1Y,3.9748209909431296,1,4.090142929804093,57660.969430481935,2011-01-03
2010-12-01,eur,8Y2Y,3.9267712631194702,1,4.0301404652342105,51684.601057370164,2011-01-03
2010-12-01,eur,8Y1Y,3.880036106354174,1,3.972211764190099,46087.828917962484,2011-01-03
2011-01-03,eur,3Y1Y,2.5762699732752554,-1,2.969960991326382,-196845.50902556317,2011-02-01
2011-01-03,eur,2Y2Y,2.267808559696314,-1,2.7449250562728507,-238558.24828826843,2011-02-01
2011-01-03,eur,1Y3Y,1.9076437226376655,-1,2.456842430685418,-274599.35402387625,2011-02-01
2011-01-03,eur,9Y1Y,4.100136197592217,1,4.106497787382401,3180.7948950919317,2011-02-01
2011-01-03,eur,8Y2Y,4.039750412913806,1,4.051181989699001,5715.788392597343,2011-02-01
2011-01-03,eur,8Y1Y,3.9814569218871236,1,3.9989882687290996,8765.673420987996,2011-02-01
2011-02-01,eur,1Y1Y,1.9585562230564688,-1,1.9447851870265545,6885.518014957182,2011-03-01
2011-02-01,eur,1Y2Y,2.2537355697359027,-1,2.1792782620785043,37228.65382869922,2011-03-01
2011-02-01,eur,1Y3Y,2.4957280040298726,-1,2.4221696790791802,36779.16247534618,2011-03-01
2011-02-01,eur,7Y3Y,4.001342606018796,1,3.888681173474906,-56330.71627194508,2011-03-01
2011-02-01,eur,8Y1Y,4.007863234434569,1,3.860660933824509,-73601.15030503001,2011-03-01
2011-02-01,eur,8Y2Y,4.0597433218112755,1,3.9370960625292724,-61323.62964100158,2011-03-01
2011-03-01,eur,1Y1Y,2.000782267459867,-1,2.33000633420493,-164612.03337253138,2011-04-01
2011-03-01,eur,3Y1Y,2.9783916519084794,-1,3.2008672768622772,-111237.81247689891,2011-04-01
2011-03-01,eur,1Y3Y,2.4622647226679977,-1,2.7915483669867167,-164641.82215935952,2011-04-01
2011-03-01,eur,8Y2Y,3.9463791504523664,1,4.145314676507646,99467.76302763993,2011-04-01
2011-03-01,eur,7Y2Y,3.8374568009365397,1,4.018353926677781,90448.56287062065,2011-04-01
2011-03-01,eur,8Y1Y,3.8652470770717566,1,4.061828758651831,98290.84079003736,2011-04-01
2011-04-01,eur,1Y1Y,2.3896017747532152,-1,2.280155697839652,54723.038456781615,2011-05-02
2011-04-01,eur,1Y2Y,2.6376133600273475,-1,2.517134677925156,60239.34105109574,2011-05-02
2011-04-01,eur,1Y3Y,2.828693067433437,-1,2.6999176954383324,64387.68599755229,2011-05-02
2011-04-01,eur,6Y3Y,3.968141131966921,1,3.831689681880427,-68225.72504324697,2011-05-02
2011-04-01,eur,6Y1Y,3.855977400780178,1,3.734240553027787,-60868.42387619562,2011-05-02
2011-04-01,eur,8Y1Y,4.06850818713753,1,3.920710969151753,-73898.60899288836,2011-05-02
2011-05-02,eur,1Y1Y,2.3315849367778423,-1,1.87898649612176,226299.22032804118,2011-06-01
2011-05-02,eur,1Y2Y,2.5533605178234082,-1,2.083239090518481,235060.71365246363,2011-06-01
2011-05-02,eur,1Y3Y,2.7332931612952236,-1,2.2855378746666797,223877.64331427196,2011-06-01
2011-05-02,eur,7Y1Y,3.855709803669878,1,3.679072716881696,-88318.54339409094,2011-06-01
2011-05-02,eur,7Y2Y,3.8906202183597167,1,3.7224445405131923,-84087.83892326221,2011-06-01
2011-05-02,eur,8Y1Y,3.9266360938487,1,3.768266622070696,-79184.7358890021,2011-06-01
2011-06-01,eur,3Y1Y,2.7442597176545456,-1,2.8740863044242144,-64913.293384834426,2011-07-01
2011-06-01,eur,3Y2Y,2.9347206662829457,-1,2.990974065721981,-28126.699719517757,2011-07-01
2011-06-01,eur,4Y1Y,3.1300924719642467,-1,3.111250896006359,9420.787978943856,2011-07-01
2011-06-01,eur,6Y3Y,3.6619842434785492,1,3.79101462232934,64515.18942539547,2011-07-01
2011-06-01,eur,7Y2Y,3.7326394769189055,1,3.8736234675364525,70491.99530877348,2011-07-01
2011-06-01,eur,8Y1Y,3.7762014559858876,1,4.0157128772774024,119755.71064575741,2011-07-01
2011-07-01,eur,3Y1Y,2.9208690344301385,-1,2.3396205887168096,290624.22285666445,2011-08-01
2011-07-01,eur,2Y2Y,2.6421276381284184,-1,2.0477523633135224,297187.637407448,2011-08-01
2011-07-01,eur,1Y3Y,2.398406091244375,-1,1.8208262991055861,288789.89606939454,2011-08-01
2011-07-01,eur,6Y2Y,3.6955319355101235,1,3.502008772989352,-96761.58126038569,2011-08-01
2011-07-01,eur,7Y1Y,3.745045755108437,1,3.5906598730155044,-77192.94104646624,2011-08-01
2011-07-01,eur,9Y1Y,4.090178088510601,1,3.8648545409683726,-112661.77377111441,2011-08-01
2011-08-01,eur,3Y1Y,2.390818658704301,-1,2.045630655029448,172594.00183742656,2011-09-01
2011-08-01,eur,3Y2Y,2.6354651525522406,-1,2.3174010089421935,159032.07180502356,2011-09-01
2011-08-01,eur,4Y1Y,2.891289958053726,-1,2.595584872145227,147852.54295424966,2011-09-01
2011-08-01,eur,6Y3Y,3.5486322358895124,1,3.255646094120977,-146493.07088426777,2011-09-01
2011-08-01,eur,7Y2Y,3.6077820237178106,1,3.321170073988788,-143305.97486451137,2011-09-01
2011-08-01,eur,8Y1Y,3.610624046721836,1,3.383730295883833,-113446.87541900144,2011-09-01
2011-09-01,eur,3Y1Y,2.103069081179557,-1,1.7079062249149368,197581.42813231004,2011-10-03
2011-09-01,eur,3Y2Y,2.3681834928639875,-1,1.950029409325581,209077.04176920326,2011-10-03
2011-09-01,eur,2Y2Y,1.7527691925659257,-1,1.4313790913075355,160695.05062919512,2011-10-03
2011-09-01,eur,8Y1Y,3.3942803496409324,1,3.036751246521153,-178764.5515598897,2011-10-03
2011-09-01,eur,7Y2Y,3.331717882963283,1,2.8793409429369787,-226188.47001315225,2011-10-03
2011-09-01,eur,7Y1Y,3.270659169940148,1,2.725416444200328,-272621.3628699099,2011-10-03
2011-10-03,eur,3Y1Y,1.7548180747508704,-1,1.581198054727023,86810.01001192367,2011-11-01
2011-10-03,eur,2Y2Y,1.476128814901364,-1,1.349911070290524,63108.87230542006,2011-11-01
2011-10-03,eur,3Y2Y,1.9942356339895284,-1,1.8310713880195297,81582.12298499933,2011-11-01
2011-10-03,eur,7Y1Y,2.7347738006543545,1,2.8015009350366107,33363.567191128095,2011-11-01
2011-10-03,eur,5Y1Y,2.3096349711156097,1,2.4166539154462345,53509.472165312436,2011-11-01
2011-10-03,eur,9Y1Y,2.963727487860672,1,3.1148511940519006,75561.85309561437,2011-11-01
2011-11-01,eur,4Y1Y,2.1266387853201656,-1,2.3496095364764726,-111485.37557815353,2011-12-01
2011-11-01,eur,8Y1Y,3.320032361697292,-1,3.0136767230423924,153177.81932744978,2011-12-01
2011-11-01,eur,3Y2Y,1.8717043593640665,-1,2.082029821876334,-105162.73125613375,2011-12-01
2011-11-01,eur,7Y3Y,3.0728925544933583,1,3.168783031951825,47945.238729233395,2011-12-01
2011-11-01,eur,7Y1Y,2.810504724784423,1,3.2203652402236265,204930.2577196017,2011-12-01
2011-11-01,eur,9Y1Y,3.096763068224107,1,3.2735896193551555,88413.27556552425,2011-12-01
2011-12-01,eur,3Y1Y,1.8835026344966004,-1,1.48584285480818,198829.88984421027,2012-01-02
2011-12-01,eur,3Y2Y,2.135461066597454,-1,1.7798807999745712,177790.13331144146,2012-01-02
2011-12-01,eur,2Y2Y,1.5089982434699225,-1,1.1985751797372337,155211.5318663444,2012-01-02
2011-12-01,eur,8Y2Y,3.14401816883443,1,2.975613613499292,-84202.27766756905,2012-01-02
2011-12-01,eur,7Y2Y,3.1190679488485022,1,2.8908845637281417,-114091.69256018025,2012-01-02
2011-12-01,eur,8Y1Y,2.9934778144216705,1,2.91722396861653,-38126.92290257025,2012-01-02
2012-01-02,eur,4Y1Y,2.136267493066043,-1,1.8325461009936221,151860.6960362103,2012-02-01
2012-01-02,eur,3Y2Y,1.8306581725570288,-1,1.5568523893520703,136902.89160247924,2012-02-01
2012-01-02,eur,3Y1Y,1.536559611196036,-1,1.2840112860780026,126274.16255901668,2012-02-01
2012-01-02,eur,8Y2Y,2.982890538882437,1,3.0194655581118566,18287.509614709707,2012-02-01
2012-01-02,eur,7Y2Y,2.8974809299697735,1,2.9124981597806023,7508.614905414434,2012-02-01
2012-01-02,eur,8Y1Y,2.921140269201901,1,2.99080274196706,34831.23638257957,2012-02-01
2012-02-01,eur,3Y1Y,1.3366508560992,-1,1.3125554487470792,12047.70367606045,2012-03-01
2012-02-01,eur,3Y2Y,1.6045415887530192,-1,1.5545043797497728,25018.604501623187,2012-03-01
2012-02-01,eur,3Y3Y,1.8532992099964725,-1,1.7793609371862382,36969.13640511712,2012-03-01
2012-02-01,eur,7Y3Y,2.966307800845027,1,2.9025802916386665,-31863.75460318036,2012-03-01
2012-02-01,eur,8Y2Y,3.0279934874085597,1,2.9769735296257265,-25509.978891416595,2012-03-01
2012-02-01,eur,9Y1Y,3.052795741664495,1,3.0190302690558948,-16882.73630430004,2012-03-01
2012-03-01,eur,3Y1Y,1.3603082052310842,-1,1.3218105971833807,19248.80402385176,2012-04-02
2012-03-01,eur,3Y2Y,1.598832422718525,-1,1.570393351629144,14219.535544690576,2012-04-02
2012-03-01,eur,3Y3Y,1.8212125292816526,-1,1.7970541897469243,12079.169767364117,2012-04-02
2012-03-01,eur,7Y3Y,2.9150804009440696,1,2.907330497621692,-3874.9516611888967,2012-04-02
2012-03-01,eur,8Y2Y,2.9877326329334073,1,2.9735652109271196,-7083.711003143867,2012-04-02
2012-03-01,eur,9Y1Y,3.0253742682360123,1,3.041887453144142,8256.59245406496,2012-04-02
2012-04-02,eur,4Y1Y,1.8693167076335289,-1,1.5784559358624022,145430.38588556333,2012-05-02
2012-04-02,eur,3Y2Y,1.611811296773624,-1,1.3191934009379012,146308.94791786143,2012-05-02
2012-04-02,eur,3Y1Y,1.3630281978241952,-1,1.0619008473873168,150563.67521843917,2012-05-02
2012-04-02,eur,7Y3Y,2.9187501269178777,1,2.756091074777262,-81329.52607030797,2012-05-02
2012-04-02,eur,8Y2Y,2.984197517954199,1,2.82766574211579,-78265.88791920463,2012-05-02
2012-04-02,eur,8Y1Y,2.91882010343646,1,2.7625506257180996,-78134.73885918022,2012-05-02
2012-05-02,eur,4Y1Y,1.6230300033675662,-1,1.1403550471626733,241337.47810244642,2012-06-01
2012-05-02,eur,4Y2Y,1.8668657604564773,-1,1.270877119204006,297994.3206262357,2012-06-01
2012-05-02,eur,3Y2Y,1.3615292312625435,-1,0.9544680803001807,203530.5754811814,2012-06-01
2012-05-02,eur,8Y2Y,2.8395892232395465,1,1.874795584821112,-482396.81920921727,2012-06-01
2012-05-02,eur,8Y1Y,2.774465345770648,1,1.7783298299886223,-498067.7578910127,2012-06-01
2012-05-02,eur,9Y1Y,2.90606531070796,1,1.973191794777429,-466436.75796526566,2012-06-01
2012-06-01,eur,3Y1Y,0.8057276461682149,-1,0.9209025225129304,-57587.43817235773,2012-07-02
2012-06-01,eur,3Y2Y,0.9867270836334038,-1,1.187852216163819,-100562.5662652076,2012-07-02
2012-06-01,eur,4Y1Y,1.1703773704833225,-1,1.4618859384677225,-145754.28399220004,2012-07-02
2012-06-01,eur,7Y2Y,1.7691912824151776,1,2.4819560539886396,356382.38578673097,2012-07-02
2012-06-01,eur,1Y1Y,0.14569700084634601,1,0.20552871907864614,29915.859116150063,2012-07-02
2012-06-01,eur,8Y1Y,1.780233156453628,1,2.5968002402070436,408283.54187670775,2012-07-02
2012-07-02,eur,4Y1Y,1.5097401885543535,-1,1.2551936573287856,127273.26561278396,2012-08-01
2012-07-02,eur,3Y2Y,1.2311164385018294,-1,1.0330701508739368,99023.14381394628,2012-08-01
2012-07-02,eur,4Y2Y,1.7312843813180196,-1,1.497892107945937,116696.13668604128,2012-08-01
2012-07-02,eur,7Y3Y,2.538577985962685,1,2.5488628900606596,5142.452048987334,2012-08-01
2012-07-02,eur,8Y2Y,2.6171800542527666,1,2.63489490033339,8857.423040311785,2012-08-01
2012-07-02,eur,9Y1Y,2.6181185311148534,1,2.6139801316054747,-2069.1997546893326,2012-08-01
2012-08-01,eur,3Y1Y,0.8570743730178156,-1,0.7658089895259501,45632.69174593277,2012-09-03
2012-08-01,eur,5Y1Y,1.78698407912812,-1,1.7095632957297318,38710.3916991941,2012-09-03
2012-08-01,eur,3Y2Y,1.0743833882532585,-1,1.0075897559104816,33396.816171388455,2012-09-03
2012-08-01,eur,1Y1Y,0.05202840430638215,1,0.035733962403593084,-8147.220951394533,2012-09-03
2012-08-01,eur,8Y2Y,2.644603694036913,1,2.438778848030425,-102912.42300324388,2012-09-03
2012-08-01,eur,9Y1Y,2.609052520571633,1,2.5216902016148963,-43681.15947836837,2012-09-03
2012-09-03,eur,4Y1Y,1.2969019042188306,-1,1.3368521254746566,-19975.110627913018,2012-10-01
2012-09-03,eur,3Y2Y,1.0475012420092376,-1,1.0846919441295233,-18595.35106014287,2012-10-01
2012-09-03,eur,4Y2Y,1.5206612829133213,-1,1.5636562672306997,-21497.492158689234,2012-10-01
2012-09-03,eur,8Y2Y,2.4496675464689885,1,2.5380883458693404,44210.39970017593,2012-10-01
2012-09-03,eur,1Y1Y,0.04501768962664485,1,0.09778957606635405,26385.9432198546,2012-10-01
2012-09-03,eur,8Y1Y,2.36543146617118,1,2.457221939425648,45895.23662723405,2012-10-01
2012-10-01,eur,4Y1Y,1.3809612332691523,-1,1.322802886366749,29079.1734512017,2012-11-01
2012-10-01,eur,4Y2Y,1.6050612213405153,-1,1.5534699946118116,25795.613364351877,2012-11-01
2012-10-01,eur,3Y2Y,1.124789798031469,-1,1.063817317283378,30486.240374045457,2012-11-01
2012-10-01,eur,9Y1Y,2.634735685162786,1,2.7268573320143883,46060.82342580109,2012-11-01
2012-10-01,eur,8Y2Y,2.550476656045143,1,2.655588829647532,52556.0868011945,2012-11-01
2012-10-01,eur,8Y1Y,2.4679604980873173,1,2.585880336486427,58959.9191995549,2012-11-01
2012-11-01,eur,4Y1Y,1.3660318458246539,-1,1.2306975453714357,67667.15022660907,2012-12-03
2012-11-01,eur,4Y2Y,1.59401737591031,-1,1.439593409385684,77211.98326231305,2012-12-03
2012-11-01,eur,3Y2Y,1.1028726352309857,-1,0.9833690261484971,59751.80454124429,2012-12-03
2012-11-01,eur,8Y2Y,2.670249193028858,1,2.538250333035777,-65999.42999654051,2012-12-03
2012-11-01,eur,1Y1Y,0.09875135148981139,1,0.062357444889928955,-18196.953299941215,2012-12-03
2012-11-01,eur,9Y1Y,2.737890787703622,1,2.625851434974401,-56019.67636461058,2012-12-03
2012-12-03,eur,4Y1Y,1.274027610356491,-1,1.1555999347641743,59213.8377961583,2013-01-02
2012-12-03,eur,4Y2Y,1.479181721758395,-1,1.3655343045922228,56823.70858308605,2013-01-02
2012-12-03,eur,3Y2Y,1.0220847197462173,-1,0.9479108071916963,37086.95627726049,2013-01-02
2012-12-03,eur,8Y2Y,2.5526874143876617,1,2.5717894336923366,9551.009652337461,2013-01-02
2012-12-03,eur,8Y1Y,2.4666609443237792,1,2.488859616222462,11099.335949341426,2013-01-02
2012-12-03,eur,1Y1Y,0.07504312560578642,1,0.07154339877173277,-1749.8634170268272,2013-01-02
2013-01-02,eur,3Y1Y,0.7805224001969141,-1,1.0498394171647731,-134658.50848392953,2013-02-01
2013-01-02,eur,3Y2Y,0.9852451614771488,-1,1.2469453295274247,-130850.08402513793,2013-02-01
2013-01-02,eur,3Y3Y,1.1925599951525818,-1,1.439158661126251,-123299.3329868346,2013-02-01
2013-01-02,eur,1Y2Y,0.21198997479156087,1,0.5461275370264547,167068.7811174469,2013-02-01
2013-01-02,eur,9Y1Y,2.6706872333290104,1,2.7444300001679833,36871.38341948648,2013-02-01
2013-01-02,eur,1Y1Y,0.08505158451170165,1,0.41063480764465643,162791.6115664774,2013-02-01
2013-02-01,eur,4Y1Y,1.47816773480066,-1,1.202096421593166,138035.65660374705,2013-03-01
2013-02-01,eur,4Y2Y,1.6691852322313934,-1,1.4361233497211205,116530.94125513642,2013-03-01
2013-02-01,eur,3Y2Y,1.276859437493882,-1,0.9817082847456837,147575.57637409912,2013-03-01
2013-02-01,eur,7Y3Y,2.5967966172792463,1,2.493469630746032,-51663.49326660713,2013-03-01
2013-02-01,eur,8Y2Y,2.69201154398082,1,2.6009378987204377,-45536.8226301911,2013-03-01
2013-02-01,eur,9Y1Y,2.7537838623934765,1,2.6899844765019663,-31899.69294575512,2013-03-01
2013-03-01,eur,5Y1Y,1.7145656798723738,-1,1.5324195198952781,91073.07998854786,2013-04-02
2013-03-01,eur,4Y2Y,1.4750797103770652,-1,1.3325323032216623,71273.70357770147,2013-04-02
2013-03-01,eur,4Y1Y,1.239713941400221,-1,1.1357053470151792,52004.29719252087,2013-04-02
2013-03-01,eur,8Y2Y,2.6177292958087497,1,2.485263248328966,-66233.02373989181,2013-04-02
2013-03-01,eur,9Y1Y,2.7045458384074346,1,2.599566995268899,-52489.421569267724,2013-04-02
2013-03-01,eur,1Y1Y,0.11738350062344939,1,0.08550162414224975,-15940.93824059982,2013-04-02
2013-04-02,eur,4Y1Y,1.1715009447517744,-1,0.9416411417890894,114929.90148134247,2013-05-02
2013-04-02,eur,3Y2Y,0.9540267262863067,-1,0.7203684940204075,116829.11613294961,2013-05-02
2013-04-02,eur,4Y2Y,1.36701760610133,-1,1.126945193830891,120036.20613521947,2013-05-02
2013-04-02,eur,2Y1Y,0.3371825462385217,1,0.19107249270847856,-73055.02676502155,2013-05-02
2013-04-02,eur,1Y2Y,0.2164027947395395,1,0.09750091875939924,-59450.937990070124,2013-05-02
2013-04-02,eur,1Y1Y,0.09504541236793006,1,0.004950938645320954,-45047.23686130455,2013-05-02
2013-05-02,eur,4Y1Y,0.9800536392420268,-1,1.2976333359547212,-158789.84835634718,2013-06-03
2013-05-02,eur,4Y2Y,1.161706725571082,-1,1.4901234752200259,-164208.37482447195,2013-06-03
2013-05-02,eur,3Y2Y,0.7532679554929487,-1,1.0663686287032603,-156550.33660515584,2013-06-03
2013-05-02,eur,2Y1Y,0.20688468531718743,1,0.4749240273798921,134019.6710313523,2013-06-03
2013-05-02,eur,1Y2Y,0.1084901273692497,1,0.3270917976981127,109300.8351644315,2013-06-03
2013-05-02,eur,1Y1Y,0.012851250219022533,1,0.17957183695906231,83360.29337001989,2013-06-03
2013-06-03,eur,4Y1Y,1.3369725551410054,-1,1.7001842036418966,-181605.82425044558,2013-07-01
2013-06-03,eur,4Y2Y,1.5258593418481285,-1,1.8661163967317094,-170128.52744179041,2013-07-01
2013-06-03,eur,3Y2Y,1.1009257156845331,-1,1.4497428492222242,-174408.56676884554,2013-07-01
2013-06-03,eur,1Y2Y,0.34435674271568445,1,0.49982524782594884,77734.25255513219,2013-07-01
2013-06-03,eur,1Y1Y,0.19518897026253018,1,0.3100610341150384,57436.0319262541,2013-07-01
2013-06-03,eur,9Y1Y,2.802600761312254,1,2.9582846467303563,77841.94270905109,2013-07-01
2013-07-01,eur,3Y1Y,1.2511790562077514,-1,1.186446356538301,32366.349834725195,2013-08-01
2013-07-01,eur,3Y2Y,1.4934009477304937,-1,1.4351740359950975,29113.45586769809,2013-08-01
2013-07-01,eur,4Y1Y,1.74283947268695,-1,1.6881623929810339,27338.53985295809,2013-08-01
2013-07-01,eur,7Y3Y,2.796534523772433,1,2.7854248959231565,-5554.813924638192,2013-08-01
2013-07-01,eur,8Y2Y,2.8968649079431916,1,2.9042896088696186,3712.3504632134986,2013-08-01
2013-07-01,eur,9Y1Y,2.9705781980420727,1,3.0029487102078947,16185.256082910993,2013-08-01
2013-08-01,eur,3Y1Y,1.2346526627575185,-1,1.4710310161670819,-118189.17670478168,2013-09-02
2013-08-01,eur,3Y2Y,1.480349477480321,-1,1.7105212476279106,-115085.88507379481,2013-09-02
2013-08-01,eur,4Y1Y,1.7303589164849604,-1,1.956926354610228,-113283.7190626338,2013-09-02
2013-08-01,eur,8Y2Y,2.9232107738502964,1,3.079109592202026,77949.4091758648,2013-09-02
2013-08-01,eur,1Y1Y,0.2757161631582578,1,0.38044868291061,52366.2598761761,2013-09-02
2013-08-01,eur,9Y1Y,3.0190795059705606,1,3.191849358211245,86384.9261203422,2013-09-02
2013-09-02,eur,3Y1Y,1.520421459337036,-1,1.2267105151194904,146855.4721087728,2013-10-01
2013-09-02,eur,3Y2Y,1.7548878004020134,-1,1.4800020263811982,137442.88701040763,2013-10-01
2013-09-02,eur,2Y2Y,1.2172554411850423,-1,0.9456638773885365,135795.78189825287,2013-10-01
2013-09-02,eur,7Y2Y,2.9013791532005397,1,2.820919870790054,-40229.64120524297,2013-10-01
2013-09-02,eur,8Y2Y,3.0949532123847727,1,3.027725836497228,-33613.68794377229,2013-10-01
2013-09-02,eur,8Y1Y,2.9824459241968895,1,2.9380024801581355,-22221.722019377,2013-10-01
2013-10-01,eur,3Y1Y,1.277011263126777,-1,1.0217936155326368,127608.82379707006,2013-11-01
2013-10-01,eur,3Y2Y,1.5268899686261888,-1,1.2710155581275218,127937.20524933349,2013-11-01
2013-10-01,eur,4Y1Y,1.780266193831634,-1,1.5240921018021718,128087.04601473108,2013-11-01
2013-10-01,eur,1Y1Y,0.2722830110569648,1,0.18047045433085301,-45906.27836305589,2013-11-01
2013-10-01,eur,8Y2Y,3.0450988576412565,1,2.9898809480801556,-27608.954780550477,2013-11-01
2013-10-01,eur,9Y1Y,3.1367782340067083,1,3.081419410750237,-27679.411628235728,2013-11-01
2013-11-01,eur,3Y1Y,1.0645840007729637,-1,1.0363246257262302,14129.687523366742,2013-12-02
2013-11-01,eur,3Y2Y,1.3129917572101077,-1,1.3043193735041774,4336.1918529651875,2013-12-02
2013-11-01,eur,4Y1Y,1.5653452625641804,-1,1.5790001642381923,-6827.4508370059775,2013-12-02
2013-11-01,eur,8Y2Y,3.0073999816600265,1,3.0617217761371625,27160.89723856796,2013-12-02
2013-11-01,eur,9Y1Y,3.0957296308908093,1,3.158944410101816,31607.389605503355,2013-12-02
2013-11-01,eur,1Y1Y,0.19266142925119292,1,0.08918563386894225,-51737.89769112534,2013-12-02
2013-12-02,eur,3Y1Y,1.0886718748204296,-1,1.2675465450119716,-89437.335095771,2014-01-02
2013-12-02,eur,3Y2Y,1.353350880982399,-1,1.5331565112924777,-89902.8151550393,2014-01-02
2013-12-02,eur,4Y1Y,1.6259211906887674,-1,1.8036275487616376,-88853.17903643507,2014-01-02
2013-12-02,eur,8Y2Y,3.0791537592749636,1,3.1826319710967756,51739.10591090602,2014-01-02
2013-12-02,eur,9Y1Y,3.1749037793151684,1,3.2874305781654845,56263.399425158015,2014-01-02
2013-12-02,eur,1Y1Y,0.09903758897578654,1,0.19806701607741012,49514.713550811786,2014-01-02
2014-01-02,eur,3Y1Y,1.318581701392496,-1,0.8991576162092819,209712.04259160708,2014-02-03
2014-01-02,eur,3Y2Y,1.5812110099224892,-1,1.1350200759488416,223095.46698682383,2014-02-03
2014-01-02,eur,4Y1Y,1.8487659761468567,-1,1.3762648016769718,236250.58723494242,2014-02-03
2014-01-02,eur,1Y1Y,0.21675351209784377,1,0.0683168088041186,-74218.35164686257,2014-02-03
2014-01-02,eur,8Y2Y,3.2010943106317167,1,2.8426396454581497,-179227.33258678348,2014-02-03
2014-01-02,eur,9Y1Y,3.304853945415582,1,2.928208951459062,-188322.49697825997,2014-02-03
2014-02-03,eur,3Y1Y,0.9386305712123622,-1,0.8044424796239629,67094.04579419964,2014-03-03
2014-02-03,eur,3Y2Y,1.173003836092244,-1,1.025741034139909,73631.4009761675,2014-03-03
2014-02-03,eur,4Y1Y,1.4139232009188993,-1,1.2518166021629957,81053.2993779518,2014-03-03
2014-02-03,eur,1Y2Y,0.24861771788795184,1,0.23443217637010516,-7092.770758923339,2014-03-03
2014-02-03,eur,9Y1Y,2.940573818625298,1,2.830389375776847,-55092.22142422554,2014-03-03
2014-02-03,eur,1Y1Y,0.07501928304765589,1,0.0887222195507693,6851.468251556705,2014-03-03
2014-03-03,eur,4Y1Y,1.2911752151926768,-1,1.2369696597500333,27102.77772132175,2014-04-01
2014-03-03,eur,4Y2Y,1.5075952205932728,-1,1.441354687952886,33120.26632019338,2014-04-01
2014-03-03,eur,5Y1Y,1.7263286353995566,-1,1.6463793637068602,39974.635846348196,2014-04-01
2014-03-03,eur,9Y1Y,2.8477215765103576,1,2.789363752367342,-29178.912071507802,2014-04-01
2014-03-03,eur,1Y2Y,0.25063100901722846,1,0.2915172840944985,20443.137538635026,2014-04-01
2014-03-03,eur,1Y1Y,0.09893293687962273,1,0.15212984214981431,26598.45263509579,2014-04-01
2014-04-01,eur,4Y1Y,1.2730269219665424,-1,1.135943288999016,68541.81648376324,2014-05-02
2014-04-01,eur,3Y2Y,1.065233970190454,-1,0.9352332142306399,65000.3779799071,2014-05-02
2014-04-01,eur,4Y2Y,1.4760833347836442,-1,1.3342473217991873,70918.00649222845,2014-05-02
2014-04-01,eur,9Y1Y,2.806403797437919,1,2.6392638763382776,-83569.96054982058,2014-05-02
2014-04-01,eur,1Y2Y,0.30648968841358526,1,0.21060706138594174,-47941.31351382176,2014-05-02
2014-04-01,eur,1Y1Y,0.16195353529724346,1,0.07530750954818585,-43323.0128745288,2014-05-02
2014-05-02,eur,3Y1Y,0.7711945184357236,-1,0.5567872361526135,107203.64114155507,2014-06-02
2014-05-02,eur,3Y2Y,0.9693534819697999,-1,0.7576483443137502,105852.56882802484,2014-06-02
2014-05-02,eur,4Y1Y,1.1698650193156934,-1,0.9622428695231834,103811.07489625501,2014-06-02
2014-05-02,eur,9Y1Y,2.6558424647260876,1,2.534296997362779,-60772.73368165437,2014-06-02
2014-05-02,eur,1Y2Y,0.2255412557733697,1,0.10285585913799715,-61342.69831768627,2014-06-02
2014-05-02,eur,1Y1Y,0.08269677881457618,1,-0.005250981747592507,-43973.88028108434,2014-06-02
2014-06-02,eur,5Y1Y,1.4124067475894182,-1,1.2316598289356504,90373.4593268839,2014-07-01
2014-06-02,eur,4Y2Y,1.2041014047127678,-1,1.0227303343019125,90685.53520542766,2014-07-01
2014-06-02,eur,4Y1Y,0.9971290159164815,-1,0.8146925138793591,91218.25101856118,2014-07-01
2014-06-02,eur,9Y1Y,2.549738928690677,1,2.4169366212138406,-66401.15373841816,2014-07-01
2014-06-02,eur,1Y2Y,0.1139918752993295,1,0.05595766998376866,-29017.10265778042,2014-07-01
2014-06-02,eur,1Y1Y,0.0009701328937779048,1,-0.028780470436687442,-14875.301665232673,2014-07-01
2014-07-01,eur,4Y1Y,0.8507427208698752,-1,,,2014-08-01
2014-07-01,eur,4Y2Y,1.0584128048157813,-1,,,2014-08-01
2014-07-01,eur,5Y1Y,1.2670878517567927,-1,,,2014-08-01
2014-07-01,eur,2Y1Y,0.1536677000551558,1,,,2014-08-01
2014-07-01,eur,1Y2Y,0.0653675515428426,1,,,2014-08-01
2014-07-01,eur,1Y1Y,-0.02303542068423702,1,,,2014-08-01
2009-08-03,gbp,1Y1Y,2.760333582382745,-1,2.2417749160632994,259279.33315972277,2009-09-01
2009-08-03,gbp,1Y2Y,3.480401893233532,-1,2.934186912207858,273107.490512837,2009-09-01
2009-08-03,gbp,1Y3Y,3.826100573286362,-1,3.3057913964268426,260154.5884297598,2009-09-01
2009-08-03,gbp,5Y2Y,4.680956326185418,1,4.363523191050664,-158716.56756737718,2009-09-01
2009-08-03,gbp,6Y2Y,4.671491883659094,1,4.428765574667882,-121363.1544956062,2009-09-01
2009-08-03,gbp,6Y1Y,4.659134133782288,1,4.394634528595547,-132249.80259337072,2009-09-01
2009-09-01,gbp,1Y1Y,2.357662908670099,-1,2.096876282077126,130393.3132964865,2009-10-01
2009-09-01,gbp,1Y2Y,3.029186545791358,-1,2.7634853642336092,132850.59077887438,2009-10-01
2009-09-01,gbp,1Y3Y,3.3812126920025993,-1,3.1537703417291425,113721.1751367284,2009-10-01
2009-09-01,gbp,7Y3Y,4.524126276874734,1,4.451383731486401,-36371.27269416629,2009-10-01
2009-09-01,gbp,8Y2Y,4.552815974954697,1,4.477974246331557,-37420.86431157032,2009-10-01
2009-09-01,gbp,9Y1Y,4.55766055935929,1,4.487482455849024,-35089.05175513277,2009-10-01
2009-10-01,gbp,1Y1Y,2.220386666041901,-1,2.238534825391203,-9074.079674650904,2009-11-02
2009-10-01,gbp,1Y2Y,2.8635942660677807,-1,2.8726850837561875,-4545.408844203403,2009-11-02
2009-10-01,gbp,1Y3Y,3.2348718776673597,-1,3.239112999910099,-2120.561121369713,2009-11-02
2009-10-01,gbp,7Y3Y,4.454844512805889,1,4.529753696150372,37454.591672241746,2009-11-02
2009-10-01,gbp,7Y1Y,4.404012329613448,1,4.477826006517694,36906.838452122945,2009-11-02
2009-10-01,gbp,9Y1Y,4.488652671082871,1,4.6033490218411925,57348.175379160704,2009-11-02
2009-11-02,gbp,1Y1Y,2.3564643959223415,-1,1.8399073625525284,258278.51668490653,2009-12-01
2009-11-02,gbp,1Y2Y,2.965212314222049,-1,2.460830940233484,252190.6869942825,2009-12-01
2009-11-02,gbp,1Y3Y,3.313695089239962,-1,2.8339459919327736,239874.54865359425,2009-12-01
2009-11-02,gbp,7Y2Y,4.501275094022778,1,4.357645836646168,-71814.62868830479,2009-12-01
2009-11-02,gbp,8Y2Y,4.56240825910314,1,4.441796529873791,-60305.864614674574,2009-12-01
2009-11-02,gbp,8Y1Y,4.515605009222147,1,4.4086395467035535,-53482.731259296925,2009-12-01
2009-12-01,gbp,1Y1Y,1.95111146908824,-1,2.206195151811308,-127541.84136153403,2010-01-04
2009-12-01,gbp,1Y2Y,2.550734746727101,-1,2.820243303755596,-134754.27851424747,2010-01-04
2009-12-01,gbp,1Y3Y,2.908624766262028,-1,3.2053060622288503,-148340.64798341107,2010-01-04
2009-12-01,gbp,7Y3Y,4.402366360353424,1,4.763216050938106,180424.84529234093,2010-01-04
2009-12-01,gbp,7Y1Y,4.314958823977145,1,4.690201782812809,187621.47941783213,2010-01-04
2009-12-01,gbp,9Y1Y,4.483095285967088,1,4.829682290905458,173293.5024691851,2010-01-04
2010-01-04,gbp,1Y1Y,2.3252298016549706,-1,1.8562047571810902,234512.5222369402,2010-02-01
2010-01-04,gbp,1Y2Y,2.9138381318712665,-1,2.4749009515280815,219468.59017159248,2010-02-01
2010-01-04,gbp,1Y3Y,3.283335208665251,-1,2.8979644616576756,192685.37350378768,2010-02-01
2010-01-04,gbp,7Y3Y,4.769668392276302,1,4.69614091391182,-36763.7391822413,2010-02-01
2010-01-04,gbp,8Y2Y,4.808038462722884,1,4.734043376608203,-36997.54305734038,2010-02-01
2010-01-04,gbp,9Y1Y,4.833912262706894,1,4.752397390198569,-40757.43625416273,2010-02-01
2010-02-01,gbp,1Y1Y,1.9485094305568438,-1,1.4826398425673641,232934.7939947398,2010-03-01
2010-02-01,gbp,1Y2Y,2.5543676112190634,-1,2.064223559212546,245072.02600325862,2010-03-01
2010-02-01,gbp,1Y3Y,2.9678289331326813,-1,2.5089482779055317,229440.3276135748,2010-03-01
2010-02-01,gbp,7Y3Y,4.702034670961428,1,4.798878012127796,48421.67058318392,2010-03-01
2010-02-01,gbp,8Y2Y,4.738716766236218,1,4.87496263515538,68122.93445958107,2010-03-01
2010-02-01,gbp,9Y1Y,4.754748664040602,1,4.936360339925622,90805.83794251007,2010-03-01
2010-03-01,gbp,1Y1Y,1.5703298764763511,-1,1.5031224927149796,33603.691880685794,2010-04-01
2010-03-01,gbp,1Y2Y,2.1444053493529562,-1,2.047591749217123,48406.800067916534,2010-04-01
2010-03-01,gbp,1Y3Y,2.583910289068701,-1,2.468535847376144,57687.22084627842,2010-04-01
2010-03-01,gbp,7Y3Y,4.808441669847799,1,4.733407185106655,-37517.242370571854,2010-04-01
2010-03-01,gbp,7Y2Y,4.744080717982994,1,4.695765511902748,-24157.603040122933,2010-04-01
2010-03-01,gbp,7Y1Y,4.6616440878790355,1,4.652561350665008,-4541.368607013929,2010-04-01
2010-04-01,gbp,1Y1Y,1.5818943341874627,-1,1.5201099395260076,30892.197330727566,2010-05-04
2010-04-01,gbp,1Y2Y,2.118990453044723,-1,2.0574486156327505,30770.91870598636,2010-05-04
2010-04-01,gbp,1Y3Y,2.5364661789943135,-1,2.490042250468606,23211.964262853657,2010-05-04
2010-04-01,gbp,8Y1Y,4.748132570152165,1,4.567462741362018,-90334.91439507336,2010-05-04
2010-04-01,gbp,8Y2Y,4.783047930597593,1,4.613656597262454,-84695.66666756911,2010-05-04
2010-04-01,gbp,9Y1Y,4.81943803372002,1,4.663162926975721,-78137.55337214978,2010-05-04
2010-05-04,gbp,1Y1Y,1.5910752942811746,-1,1.189143185773394,200966.05425389027,2010-06-01
2010-05-04,gbp,3Y1Y,3.4731948729586306,-1,2.850710447056914,311242.21295085835,2010-06-01
2010-05-04,gbp,1Y3Y,2.557663925691504,-1,2.0403690556483722,258647.43502156597,2010-06-01
2010-05-04,gbp,9Y1Y,4.671935927050002,1,4.531599001629221,-70168.46271039023,2010-06-01
2010-05-04,gbp,8Y2Y,4.620075390457837,1,4.471467836372965,-74303.77704243574,2010-06-01
2010-05-04,gbp,8Y1Y,4.571872358656324,1,4.41498199066214,-78445.1839970921,2010-06-01
2010-06-01,gbp,3Y1Y,2.912091043987752,-1,2.596732375164068,157679.3344118419,2010-07-01
2010-06-01,gbp,2Y2Y,2.5401184876474328,-1,2.2623121860292645,138903.15080908412,2010-07-01
2010-06-01,gbp,1Y3Y,2.097684126453477,-1,1.8646127548910578,116535.68578120964,2010-07-01
2010-06-01,gbp,8Y1Y,4.425592678652635,1,4.219345624363346,-103123.5271446449,2010-07-01
2010-06-01,gbp,8Y2Y,4.48155632695839,1,4.263561746687176,-108997.29013560666,2010-07-01
2010-06-01,gbp,9Y1Y,4.541592073279699,1,4.309325919980552,-116133.07664957384,2010-07-01
2010-07-01,gbp,3Y1Y,2.653421524037513,-1,2.673147553673343,-9863.014817914851,2010-08-02
2010-07-01,gbp,2Y2Y,2.31789841659775,-1,2.3500394828321536,-16070.533117201747,2010-08-02
2010-07-01,gbp,2Y1Y,1.9897519842113853,-1,2.0336644684290084,-21956.24210881153,2010-08-02
2010-07-01,gbp,8Y1Y,4.230070025169885,1,4.407721895116844,88825.93497347945,2010-08-02
2010-07-01,gbp,8Y2Y,4.272690626791549,1,4.466835352639445,97072.36292394805,2010-08-02
2010-07-01,gbp,9Y1Y,4.316662674208537,1,4.528303502746954,105820.4142692083,2010-08-02
2010-08-02,gbp,2Y1Y,2.0976441477281726,-1,1.6198179281963876,238913.10976589253,2010-09-01
2010-08-02,gbp,2Y2Y,2.408628869550224,-1,1.9212028890613086,243712.99024445767,2010-09-01
2010-08-02,gbp,1Y2Y,1.6225496476648757,-1,1.2542851840710185,184132.2317969286,2010-09-01
2010-08-02,gbp,7Y3Y,4.39421028443819,1,4.032458745627945,-180875.76940512218,2010-09-01
2010-08-02,gbp,8Y2Y,4.47978567589141,1,4.114866844007643,-182459.41594188372,2010-09-01
2010-08-02,gbp,9Y1Y,4.537891428220158,1,4.1861381156170765,-175876.65630154082,2010-09-01
2010-09-01,gbp,3Y1Y,2.279434525283963,-1,2.1543229747595927,62555.775262185256,2010-10-01
2010-09-01,gbp,2Y2Y,1.9715283989646588,-1,1.8396577045594358,65935.34720261152,2010-10-01
2010-09-01,gbp,2Y1Y,1.6690395815683656,-1,1.5316283808489706,68705.60035969752,2010-10-01
2010-09-01,gbp,8Y1Y,4.058993146251909,1,4.101572682333975,21289.768041032887,2010-10-01
2010-09-01,gbp,8Y2Y,4.127316338183433,1,4.1811853576937335,26934.509755150328,2010-10-01
2010-09-01,gbp,9Y1Y,4.197916615655268,1,4.263975176797487,33029.28057110943,2010-10-01
2010-10-01,gbp,3Y1Y,2.209038631856064,-1,2.1521362808548945,28451.175500584737,2010-11-01
2010-10-01,gbp,3Y2Y,2.4886904875679066,-1,2.4651878976071115,11751.294980397508,2010-11-01
2010-10-01,gbp,4Y1Y,2.776105774594928,-1,2.7898496670537787,-6871.94622942533,2010-11-01
2010-10-01,gbp,8Y1Y,4.117405025236099,1,4.487368266054337,184981.6204091188,2010-11-01
2010-10-01,gbp,8Y2Y,4.195894829269799,1,4.53486366366933,169484.41719976556,2010-11-01
2010-10-01,gbp,9Y1Y,4.277527603320345,1,4.58427755163053,153374.9741550925,2010-11-01
2010-11-01,gbp,3Y1Y,2.2075945160709542,-1,2.603131273131587,-197768.37853031637,2010-12-01
2010-11-01,gbp,3Y2Y,2.5190908085242736,-1,2.9286105154672297,-204759.85347147804,2010-12-01
2010-11-01,gbp,4Y1Y,2.84373439864094,-1,3.2629236515166804,-209594.62643787032,2010-12-01
2010-11-01,gbp,7Y3Y,4.446574421085621,1,4.751324219969162,152374.89944177086,2010-12-01
2010-11-01,gbp,8Y2Y,4.548792175779587,1,4.836620001416627,143913.91281851984,2010-12-01
2010-11-01,gbp,9Y1Y,4.591001706258555,1,4.874376997378997,141687.64556022096,2010-12-01
2010-12-01,gbp,3Y1Y,2.6678877666919565,-1,2.932017272956244,-132064.75313214373,2011-01-04
2010-12-01,gbp,2Y2Y,2.2945029216652344,-1,2.6297154752860137,-167606.27681038965,2011-01-04
2010-12-01,gbp,3Y2Y,2.988655979079169,-1,3.2079355997682613,-109639.81034454617,2011-01-04
2010-12-01,gbp,7Y3Y,4.767883257948458,1,4.624555469623483,-71663.8941624872,2011-01-04
2010-12-01,gbp,8Y2Y,4.84798832393061,1,4.67703851190318,-85474.90601371521,2011-01-04
2010-12-01,gbp,9Y1Y,4.879885816302898,1,4.710128335083895,-84878.74060950152,2011-01-04
2011-01-04,gbp,1Y1Y,1.3608283672109505,-1,1.7191697903986989,-179170.71159387424,2011-02-01
2011-01-04,gbp,1Y2Y,1.8767345947016307,-1,2.2051697498837814,-164217.57759107536,2011-02-01
2011-01-04,gbp,2Y1Y,2.4036697394980955,-1,2.7030181166180585,-149674.1885599815,2011-02-01
2011-01-04,gbp,8Y1Y,4.655847170187275,1,4.870348711782942,107250.77079783363,2011-02-01
2011-01-04,gbp,8Y2Y,4.684418728825068,1,4.914792556467537,115186.91382123469,2011-02-01
2011-01-04,gbp,9Y1Y,4.715351699354324,1,4.96252110024691,123584.7004462931,2011-02-01
2011-02-01,gbp,1Y1Y,1.783187425691131,-1,1.7428971306037155,20145.147543707775,2011-03-01
2011-02-01,gbp,1Y2Y,2.263617904138045,-1,2.1959820008938937,33817.95162207557,2011-03-01
2011-02-01,gbp,1Y3Y,2.644723530637572,-1,2.5515575985636154,46582.966036978316,2011-03-01
2011-02-01,gbp,8Y1Y,4.880740285189795,1,4.747622547809172,-66558.86869031136,2011-03-01
2011-02-01,gbp,8Y2Y,4.923456975416691,1,4.772853448856794,-75301.76327994865,2011-03-01
2011-02-01,gbp,9Y1Y,4.969796555279452,1,4.799831586207137,-84982.48453615753,2011-03-01
2011-03-01,gbp,1Y1Y,1.8208692032898322,-1,1.8437098226778081,-11420.309693987996,2011-04-01
2011-03-01,gbp,1Y2Y,2.259620169804027,-1,2.3051536189972297,-22766.724596601453,2011-04-01
2011-03-01,gbp,1Y3Y,2.6123321103977686,-1,2.6562502253738374,-21959.057488034396,2011-04-01
2011-03-01,gbp,8Y1Y,4.757129217809977,1,4.8115236474061325,27197.214798077686,2011-04-01
2011-03-01,gbp,8Y2Y,4.779697288431715,1,4.836687268255253,28494.98991176924,2011-04-01
2011-03-01,gbp,9Y1Y,4.803892388125797,1,4.863146927108319,29627.269491261377,2011-04-01
2011-04-01,gbp,1Y1Y,1.9148221807017365,-1,1.3085273779462445,303147.401377746,2011-05-03
2011-04-01,gbp,1Y2Y,2.3668276708179117,-1,1.7796565363939385,293585.5672119866,2011-05-03
2011-04-01,gbp,1Y3Y,2.713919453209205,-1,2.1765683204066186,268675.5664012932,2011-05-03
2011-04-01,gbp,8Y1Y,4.82126807322989,1,4.597001072904588,-112133.50016265089,2011-05-03
2011-04-01,gbp,8Y2Y,4.8435235695252095,1,4.643024774845679,-100249.39733976535,2011-05-03
2011-04-01,gbp,9Y1Y,4.866926165913266,1,4.692050005855308,-87438.08002897869,2011-05-03
2011-05-03,gbp,3Y1Y,3.0753239963002166,-1,2.7670877848422704,154118.1057289731,2011-06-01
2011-05-03,gbp,1Y1Y,1.3735483144446945,-1,1.1831680682950438,95190.12307482534,2011-06-01
2011-05-03,gbp,1Y3Y,2.2394896215036453,-1,1.9558912257864882,141799.19785857853,2011-06-01
2011-05-03,gbp,8Y1Y,4.607596121239281,1,4.474716705736331,-66439.70775147511,2011-06-01
2011-05-03,gbp,8Y2Y,4.652329402160765,1,4.533846031684731,-59241.6852380171,2011-06-01
2011-05-03,gbp,9Y1Y,4.699979891629114,1,4.595218033246318,-52380.92919139792,2011-06-01
2011-06-01,gbp,3Y1Y,2.8363579882943357,-1,2.8063495965993552,15004.195847490242,2011-07-01
2011-06-01,gbp,2Y2Y,2.4198051065383823,-1,2.4307039604495926,-5449.42695560513,2011-07-01
2011-06-01,gbp,3Y2Y,3.0721947694710683,-1,3.1032264671731493,-15515.848851040515,2011-07-01
2011-06-01,gbp,8Y1Y,4.488272506244536,1,4.833626019576197,172676.7566658305,2011-07-01
2011-06-01,gbp,8Y2Y,4.545368511132927,1,4.882634861910308,168633.17538869046,2011-07-01
2011-06-01,gbp,9Y1Y,4.604882502252728,1,4.934202795907638,164660.1468274551,2011-07-01
2011-07-01,gbp,3Y1Y,2.8699163508384418,-1,1.991403868883595,439256.2409774234,2011-08-01
2011-07-01,gbp,2Y2Y,2.491659554459358,-1,1.6259126641412782,432873.4451590398,2011-08-01
2011-07-01,gbp,1Y3Y,2.05196078020327,-1,1.323372983356079,364293.89842359564,2011-08-01
2011-07-01,gbp,8Y1Y,4.843186779478768,1,4.2632355796271915,-289975.59992578824,2011-08-01
2011-07-01,gbp,8Y2Y,4.89166745933817,1,4.359956631133641,-265855.4141022647,2011-08-01
2011-07-01,gbp,9Y1Y,4.942683774734747,1,4.462408751068203,-240137.511833272,2011-08-01
2011-08-01,gbp,3Y1Y,2.0549769273540877,-1,1.5844201786899381,235278.37433207477,2011-09-01
2011-08-01,gbp,4Y1Y,2.7502913392706847,-1,2.2058193670218973,272235.9861243937,2011-09-01
2011-08-01,gbp,3Y2Y,2.3951684238555546,-1,1.8921462232827206,251511.100286417,2011-09-01
2011-08-01,gbp,9Y1Y,4.480297166935965,1,4.309140370779918,-85578.39807802337,2011-09-01
2011-08-01,gbp,8Y2Y,4.374274850143231,1,4.200975971488903,-86649.43932716396,2011-09-01
2011-08-01,gbp,8Y1Y,4.274487498163608,1,4.097028483201093,-88729.5074812573,2011-09-01
2011-09-01,gbp,3Y1Y,1.638569099665777,-1,1.3323105109591957,153129.29435329058,2011-10-03
2011-09-01,gbp,3Y2Y,1.9445588254101025,-1,1.5888168153889146,177871.00501059394,2011-10-03
2011-09-01,gbp,4Y1Y,2.256617531447971,-1,1.8525492353585855,202034.14804469264,2011-10-03
2011-09-01,gbp,8Y2Y,4.222046965356808,1,3.439645235102284,-391200.86512726184,2011-10-03
2011-09-01,gbp,9Y1Y,4.3259409403070705,1,3.47101979251665,-427460.5738952102,2011-10-03
2011-09-01,gbp,1Y1Y,0.5316948372333874,1,0.477809660825712,-26942.588203837684,2011-10-03
2011-10-03,gbp,4Y1Y,1.898990771123596,-1,1.8972915316596206,849.6197319877164,2011-11-01
2011-10-03,gbp,3Y1Y,1.3786061841752117,-1,1.3989095697480414,-10151.692786414813,2011-11-01
2011-10-03,gbp,3Y2Y,1.6340269778147856,-1,1.6467650643070582,-6369.043246136297,2011-11-01
2011-10-03,gbp,8Y2Y,3.4536228022912483,1,3.5377021120834655,42039.654896108616,2011-11-01
2011-10-03,gbp,1Y1Y,0.48507603782832476,1,0.5611257899358568,38024.876053766035,2011-11-01
2011-10-03,gbp,9Y1Y,3.475289002549275,1,3.6145136001116906,69612.29878120778,2011-11-01
2011-11-01,gbp,3Y1Y,1.4434456755284097,-1,1.1682014007990071,137622.1373647013,2011-12-01
2011-11-01,gbp,3Y2Y,1.6898824176831975,-1,1.4028647310100655,143508.843336566,2011-12-01
2011-11-01,gbp,4Y1Y,1.9392295797431092,-1,1.640737112930414,149246.23340634757,2011-12-01
2011-11-01,gbp,8Y2Y,3.552753598545854,1,3.418513065506839,-67120.26651950742,2011-12-01
2011-11-01,gbp,9Y1Y,3.626965973728202,1,3.457544918574418,-84710.52757689201,2011-12-01
2011-11-01,gbp,1Y1Y,0.570245276330028,1,0.4832629277345957,-43491.17429771613,2011-12-01
2011-12-01,gbp,5Y1Y,2.382560626544517,-1,1.947977978589699,217291.32397740902,2012-01-03
2011-12-01,gbp,5Y2Y,2.6440282758409155,-1,2.2031055267549813,220461.37454296713,2012-01-03
2011-12-01,gbp,4Y2Y,2.0270860503021155,-1,1.7112801211751225,157902.9645634965,2012-01-03
2011-12-01,gbp,8Y1Y,3.392672009042697,1,3.2465144558932484,-73078.77657472428,2012-01-03
2011-12-01,gbp,8Y2Y,3.427655229560374,1,3.308384045937118,-59635.59181162803,2012-01-03
2011-12-01,gbp,9Y1Y,3.463600683541168,1,3.3726907511823834,-45454.96617939237,2012-01-03
2012-01-03,gbp,6Y1Y,2.508886336823579,-1,2.6353042555961044,-63208.959386262584,2012-02-01
2012-01-03,gbp,4Y1Y,1.5219310516745599,-1,1.6552288196678564,-66648.88399664825,2012-02-01
2012-01-03,gbp,6Y2Y,2.7479063221779354,-1,2.8575343288391855,-54814.003330625026,2012-02-01
2012-01-03,gbp,9Y1Y,3.382271393472824,1,3.5178845119839814,67806.55925557877,2012-02-01
2012-01-03,gbp,1Y2Y,0.5647278387179988,1,0.5840079331497461,9640.047215873637,2012-02-01
2012-01-03,gbp,1Y1Y,0.4629409455844781,1,0.46785295440005825,2456.0044077900634,2012-02-01
2012-02-01,gbp,4Y1Y,1.6974036757384263,-1,1.8219448211971967,-62270.57272938518,2012-03-01
2012-02-01,gbp,4Y2Y,1.9422784594172784,-1,2.0715488861466147,-64635.213364668154,2012-03-01
2012-02-01,gbp,4Y3Y,2.179792131131313,-1,2.3147867802695683,-67497.32456912771,2012-03-01
2012-02-01,gbp,9Y1Y,3.5290836989073875,1,3.7707526824026107,120834.49174761164,2012-03-01
2012-02-01,gbp,1Y2Y,0.5944461436232888,1,0.7866615866724364,96107.72152457376,2012-03-01
2012-02-01,gbp,1Y1Y,0.47201606651238015,1,0.621877449690053,74930.69158883642,2012-03-01
2012-03-01,gbp,5Y1Y,2.3700066814691394,-1,2.37569009194114,-2841.705236000358,2012-04-02
2012-03-01,gbp,4Y2Y,2.1142055943100133,-1,2.1045478590352404,4828.8676373864355,2012-04-02
2012-03-01,gbp,5Y2Y,2.6128995862838194,-1,2.617173063254705,-2136.7384854427128,2012-04-02
2012-03-01,gbp,1Y2Y,0.8049964488005046,1,0.7555323549663914,-24732.046917056607,2012-04-02
2012-03-01,gbp,9Y1Y,3.7849099063013365,1,3.8623200574792627,38705.07558896308,2012-04-02
2012-03-01,gbp,1Y1Y,0.6350603678907707,1,0.5967801495113223,-19140.109189724197,2012-04-02
2012-04-02,gbp,5Y1Y,2.4206260519856975,-1,2.1544315340548126,133097.25896544242,2012-05-01
2012-04-02,gbp,5Y2Y,2.660211562548457,-1,2.411746465517906,124232.54851527554,2012-05-01
2012-04-02,gbp,4Y2Y,2.14608031477171,-1,1.9172557489662498,114412.2829027301,2012-05-01
2012-04-02,gbp,9Y1Y,3.8815199298545706,1,3.6788527412205507,-101333.59431700995,2012-05-01
2012-04-02,gbp,1Y2Y,0.7730148441291168,1,0.8257696916788041,26377.423774843646,2012-05-01
2012-04-02,gbp,1Y1Y,0.6103662197735948,1,0.6685201935375583,29076.98688198174,2012-05-01
2012-05-01,gbp,6Y1Y,2.7191472843541624,-1,2.015531615801032,351807.8342765651,2012-06-01
2012-05-01,gbp,5Y2Y,2.4547021161243516,-1,1.7919351694532297,331383.473335561,2012-06-01
2012-05-01,gbp,5Y1Y,2.1962093401037612,-1,1.571579217115593,312315.0614940842,2012-06-01
2012-05-01,gbp,1Y3Y,0.9918219722782088,1,0.5643397861611333,-213741.09305853772,2012-06-01
2012-05-01,gbp,1Y2Y,0.8458277969148297,1,0.4221490429354649,-211839.3769896824,2012-06-01
2012-05-01,gbp,1Y1Y,0.6866042117630312,1,0.3942929960215391,-146155.60787074605,2012-06-01
2012-06-01,gbp,7Y1Y,2.521010291769858,-1,2.8284225388631272,-153706.1235466346,2012-07-02
2012-06-01,gbp,6Y2Y,2.28173333557399,-1,2.5959518231616876,-157109.24379384884,2012-07-02
2012-06-01,gbp,6Y1Y,2.052298736405682,-1,2.369273196322075,-158487.22995819632,2012-07-02
2012-06-01,gbp,2Y2Y,0.6653998586798822,1,0.6902744117367687,12437.276528443286,2012-07-02
2012-06-01,gbp,1Y2Y,0.4319973159717902,1,0.429031129602653,-1483.0931845686014,2012-07-02
2012-06-01,gbp,2Y1Y,0.44654557664998157,1,0.5214822350255942,37468.32918780632,2012-07-02
2012-07-02,gbp,4Y1Y,1.4917891594739217,-1,1.301368485239096,95210.33711741278,2012-08-01
2012-07-02,gbp,4Y2Y,1.70224871105153,-1,1.548725076163916,76761.81744380706,2012-08-01
2012-07-02,gbp,4Y3Y,1.934286213919007,-1,1.796410325066237,68937.9444263849,2012-08-01
2012-07-02,gbp,2Y1Y,0.5358486862254486,1,0.3642811047319297,-85783.79074675943,2012-08-01
2012-07-02,gbp,1Y2Y,0.43814008669864907,1,0.2913169829347419,-73411.55188195358,2012-08-01
2012-07-02,gbp,1Y1Y,0.34095226682779867,1,0.21822079238533743,-61365.73722123062,2012-08-01
2012-08-01,gbp,4Y1Y,1.351810448537827,-1,1.2309513968870922,60429.52582536742,2012-09-03
2012-08-01,gbp,4Y2Y,1.5948089400496526,-1,1.4690637935340687,62872.57325779194,2012-09-03
2012-08-01,gbp,4Y3Y,1.8414849662060198,-1,1.7006585680226107,70413.19909170452,2012-09-03
2012-08-01,gbp,2Y1Y,0.37594433611937406,1,0.3543858775909792,-10779.229264197415,2012-09-03
2012-08-01,gbp,1Y2Y,0.2980216325443213,1,0.28929744363020526,-4362.094457058013,2012-09-03
2012-08-01,gbp,1Y1Y,0.2199670051030944,1,0.22443885933258745,2235.9271147465306,2012-09-03
2012-09-03,gbp,4Y1Y,1.2717459257025165,-1,1.2639302629953386,3907.8313535889642,2012-10-01
2012-09-03,gbp,5Y1Y,1.7506563191747484,-1,1.7121281877237715,19264.065725488443,2012-10-01
2012-09-03,gbp,4Y2Y,1.5097508671595532,-1,1.486735153236985,11507.856961284091,2012-10-01
2012-09-03,gbp,1Y1Y,0.234941264849442,1,0.32897410359582485,47016.41937319143,2012-10-01
2012-09-03,gbp,1Y2Y,0.2985187293052134,1,0.42340246898854145,62441.869841664025,2012-10-01
2012-09-03,gbp,2Y1Y,0.3623265517956665,1,0.5183202757451432,77996.86197473835,2012-10-01
2012-10-01,gbp,6Y1Y,2.2534392326985397,-1,2.3349658983151884,-40763.33280832434,2012-11-01
2012-10-01,gbp,5Y2Y,2.000229907903771,-1,2.112501382026623,-56135.73706142616,2012-11-01
2012-10-01,gbp,4Y3Y,1.7643779714679904,-1,1.8692940062798857,-52458.017405947685,2012-11-01
2012-10-01,gbp,2Y1Y,0.5319391297361696,1,0.6025764629948638,35318.66662934707,2012-11-01
2012-10-01,gbp,1Y2Y,0.4337197942487674,1,0.476649662725489,21464.934238360795,2012-11-01
2012-10-01,gbp,1Y1Y,0.3360201613384239,1,0.352553999527533,8266.91909455457,2012-11-01
2012-11-01,gbp,5Y1Y,1.936428729597517,-1,1.7649642806422114,85732.22447765282,2012-12-03
2012-11-01,gbp,4Y2Y,1.6832535283997343,-1,1.5508981441666263,66177.692116554,2012-12-03
2012-11-01,gbp,5Y2Y,2.1510363392616796,-1,1.9831765214558035,83929.90890293806,2012-12-03
2012-11-01,gbp,1Y3Y,0.6517469644004025,1,0.6465819467155266,-2582.508842437936,2012-12-03
2012-11-01,gbp,1Y2Y,0.490240287086289,1,0.508848965006654,9304.338960182513,2012-12-03
2012-11-01,gbp,1Y1Y,0.3609944811563222,1,0.4149661424176054,26985.830630641583,2012-12-03
2012-12-03,gbp,6Y1Y,2.242551350304889,-1,2.346680661471035,-52064.65558307305,2013-01-02
2012-12-03,gbp,5Y1Y,1.8023960529760072,-1,1.8573099467531275,-27456.946888560153,2013-01-02
2012-12-03,gbp,5Y2Y,2.020575572339737,-1,2.099157607964152,-39291.01781220745,2013-01-02
2012-12-03,gbp,2Y1Y,0.6161779344935113,1,0.645211851891485,14516.958698986837,2013-01-02
2012-12-03,gbp,1Y2Y,0.5198406306176167,1,0.5362516331179303,8205.501250156844,2013-01-02
2012-12-03,gbp,1Y1Y,0.4240933006617765,1,0.4274005405296099,1653.6199339167167,2013-01-02
2013-01-02,gbp,6Y1Y,2.3888029328205778,-1,2.4736871651713055,-42442.116175363866,2013-02-01
2013-01-02,gbp,4Y1Y,1.4646100455978581,-1,1.5438130356746569,-39601.49503839938,2013-02-01
2013-01-02,gbp,4Y3Y,1.9100375372602045,-1,2.0011287969987057,-45545.629869250595,2013-02-01
2013-01-02,gbp,2Y1Y,0.6615559397614451,1,0.675731994896478,7088.027567516419,2013-02-01
2013-01-02,gbp,1Y2Y,0.5487646235210307,1,0.5551498517476491,3192.614113309178,2013-02-01
2013-01-02,gbp,1Y1Y,0.4361046652000766,1,0.43482007952289065,-642.2928385929894,2013-02-01
2013-02-01,gbp,4Y1Y,1.5815085190160172,-1,1.4079662783590852,86771.12032846602,2013-03-01
2013-02-01,gbp,7Y1Y,2.980766517561909,-1,2.8065167032557796,87124.90715306466,2013-03-01
2013-02-01,gbp,4Y2Y,1.8080317415889064,-1,1.6650822154820937,71474.7630534064,2013-03-01
2013-02-01,gbp,2Y1Y,0.69254577895721,1,0.4648733094932291,-113836.23473199048,2013-03-01
2013-02-01,gbp,1Y2Y,0.5689262630879535,1,0.3555180766824655,-106704.09320274398,2013-03-01
2013-02-01,gbp,1Y1Y,0.44507274981258055,1,0.24582068582774674,-99626.0319924169,2013-03-01
2013-03-01,gbp,4Y1Y,1.4542220184833754,-1,1.2755764190702792,89322.79970654812,2013-04-02
2013-03-01,gbp,4Y2Y,1.7101682670923497,-1,1.5165754132456464,96796.42692335167,2013-04-02
2013-03-01,gbp,5Y1Y,1.9711596248151328,-1,1.7618203768082983,104669.62400341728,2013-04-02
2013-03-01,gbp,2Y1Y,0.483187133508096,1,0.4335485406179644,-24819.296445065807,2013-04-02
2013-03-01,gbp,1Y2Y,0.3677324279817201,1,0.35238609372382557,-7673.167128947278,2013-04-02
2013-03-01,gbp,1Y1Y,0.25135398324185315,1,0.27091268821928255,9779.3524887147,2013-04-02
2013-04-02,gbp,5Y1Y,1.8031582212515884,-1,1.6462323620068495,78462.92962236944,2013-05-01
2013-04-02,gbp,4Y2Y,1.5573135033553507,-1,1.4139813160079522,71666.09367369924,2013-05-01
2013-04-02,gbp,4Y1Y,1.315823237049529,-1,1.18423882002896,65792.20851028456,2013-05-01
2013-04-02,gbp,2Y1Y,0.44678099569374313,1,0.4577292718624819,5474.13808436939,2013-05-01
2013-04-02,gbp,1Y2Y,0.359505645251455,1,0.39255054523705313,16522.44999279906,2013-05-01
2013-04-02,gbp,1Y1Y,0.2719075515501102,1,0.3271379764495875,27615.212449738636,2013-05-01
2013-05-01,gbp,4Y3Y,1.6835719675107086,-1,2.043895699191062,-180161.86584017667,2013-06-03
2013-05-01,gbp,5Y1Y,1.6858106321145927,-1,2.0597223907810713,-186955.8793332393,2013-06-03
2013-05-01,gbp,5Y2Y,1.9155920217505307,-1,2.273325459357669,-178866.71880356918,2013-06-03
2013-05-01,gbp,2Y1Y,0.4678503790013993,1,0.7847328941524759,158441.2575755383,2013-06-03
2013-05-01,gbp,1Y2Y,0.3995211131735845,1,0.64678851667309,123633.70174975276,2013-06-03
2013-05-01,gbp,1Y1Y,0.3309536666553869,1,0.509546146065909,89296.23970526105,2013-06-03
2013-06-03,gbp,5Y1Y,2.0991680629307337,-1,2.732469002990401,-316650.4700298336,2013-07-01
2013-06-03,gbp,4Y2Y,1.8650190094912096,-1,2.5002224303404157,-317601.7104246031,2013-07-01
2013-06-03,gbp,4Y1Y,1.6345418800335574,-1,2.272959035540234,-319208.5777533383,2013-07-01
2013-06-03,gbp,2Y1Y,0.8037924243454025,1,0.929280198251814,62743.88695320571,2013-07-01
2013-06-03,gbp,1Y2Y,0.6626779143549689,1,0.7176010196014577,27461.552623244403,2013-07-01
2013-06-03,gbp,1Y1Y,0.5223081618870973,1,0.5073015237366807,-7503.319075208292,2013-07-01
2013-07-01,gbp,3Y1Y,1.739381855658157,-1,1.4916747834173405,123853.53612040827,2013-08-01
2013-07-01,gbp,3Y2Y,2.0264356122437563,-1,1.847076764077728,89679.42408301422,2013-08-01
2013-07-01,gbp,3Y3Y,2.2674062280601546,-1,2.146096188897491,60655.01958133179,2013-08-01
2013-07-01,gbp,1Y1Y,0.5213180040186228,1,0.44241423613498254,-39451.88394182014,2013-08-01
2013-07-01,gbp,8Y2Y,3.7291694543094627,1,3.9494732337542304,110151.88972238387,2013-08-01
2013-07-01,gbp,9Y1Y,3.783968344654954,1,4.004937799162601,110484.72725382341,2013-08-01
2013-08-01,gbp,4Y1Y,2.271614459308813,-1,2.698530171257363,-213457.855974275,2013-09-02
2013-08-01,gbp,3Y2Y,1.907976069166275,-1,2.3708096777295826,-231416.8042816538,2013-09-02
2013-08-01,gbp,3Y1Y,1.5524146633304259,-1,2.0545190458715767,-251052.19127057545,2013-09-02
2013-08-01,gbp,8Y2Y,3.9629914053685242,1,3.9073819809887715,-27804.712189876347,2013-09-02
2013-08-01,gbp,1Y1Y,0.4539645121298524,1,0.644094508140647,95064.99800539728,2013-09-02
2013-08-01,gbp,9Y1Y,4.013364943950304,1,3.921405415275597,-45979.7643373534,2013-09-02
2013-09-02,gbp,3Y1Y,2.1189754595506307,-1,2.012790499322792,53092.480113919424,2013-10-01
2013-09-02,gbp,3Y2Y,2.429169680322841,-1,2.2515533395760228,88808.17037340914,2013-10-01
2013-09-02,gbp,2Y2Y,1.7225019568154227,-1,1.6450668966605702,38717.53007742629,2013-10-01
2013-09-02,gbp,8Y1Y,3.9041052491058497,1,3.702016146667438,-101044.55121920575,2013-10-01
2013-09-02,gbp,8Y2Y,3.9133509278296152,1,3.742260848852749,-85545.03948843318,2013-10-01
2013-09-02,gbp,9Y1Y,3.922908920938678,1,3.784579751474948,-69164.58473186493,2013-10-01
2013-10-01,gbp,3Y1Y,2.0771460392252195,-1,1.9102957921059984,83425.12355961053,2013-11-01
2013-10-01,gbp,2Y2Y,1.699825623661398,-1,1.5504903579675118,74667.63284694312,2013-11-01
2013-10-01,gbp,3Y2Y,2.3037308222296797,-1,2.1787931857601466,62468.81823476658,2013-11-01
2013-10-01,gbp,8Y1Y,3.7167683585717493,1,3.6497466322194647,-33510.863176142266,2013-11-01
2013-10-01,gbp,8Y2Y,3.7529046887035586,1,3.700718266883817,-26093.210909870824,2013-11-01
2013-10-01,gbp,9Y1Y,3.7911078320081555,1,3.7536031744449967,-18752.328781579396,2013-11-01
2013-11-01,gbp,3Y1Y,1.9706348348083274,-1,2.0781773152645147,-53771.24022809365,2013-12-02
2013-11-01,gbp,2Y2Y,1.60243923489406,-1,1.7206605029787339,-59110.634042336955,2013-12-02
2013-11-01,gbp,3Y2Y,2.2307032960558786,-1,2.3591287209062957,-64212.71242520854,2013-12-02
2013-11-01,gbp,8Y1Y,3.665651564805849,1,3.7998850206767627,67116.72793545676,2013-12-02
2013-11-01,gbp,8Y2Y,3.7126827854216016,1,3.8353945952323794,61355.90490538889,2013-12-02
2013-11-01,gbp,9Y1Y,3.761483077441929,1,3.872085618249587,55301.27040382893,2013-12-02
2013-12-02,gbp,3Y1Y,2.139269794575104,-1,2.56593686837252,-213333.53689870794,2014-01-02
2013-12-02,gbp,2Y2Y,1.7754603696999456,-1,2.1689679834570965,-196753.80687857547,2014-01-02
2013-12-02,gbp,3Y2Y,2.4135659056869403,-1,2.798094612511632,-192264.35341234584,2014-01-02
2013-12-02,gbp,7Y3Y,3.7749580127818687,1,3.818869111171515,21955.54919482312,2014-01-02
2013-12-02,gbp,8Y2Y,3.845470366237781,1,3.8762170682955186,15373.351028868721,2014-01-02
2013-12-02,gbp,9Y1Y,3.877353160034772,1,3.914776615173032,18711.727569129976,2014-01-02
2014-01-02,gbp,3Y1Y,2.634775316964944,-1,2.2028166865621874,215979.31520137828,2014-02-03
2014-01-02,gbp,2Y2Y,2.2334058673215322,-1,1.877274593991807,178065.63666486263,2014-02-03
2014-01-02,gbp,2Y1Y,1.8422444467995178,-1,1.5579164635942155,142163.99160265113,2014-02-03
2014-01-02,gbp,8Y1Y,3.849471994122822,1,3.4756974385178996,-186887.2778024613,2014-02-03
2014-01-02,gbp,8Y2Y,3.884602414503606,1,3.51408090805143,-185260.75322608816,2014-02-03
2014-01-02,gbp,9Y1Y,3.9209842253253857,1,3.5536192057092295,-183682.5098080781,2014-02-03
2014-02-03,gbp,3Y1Y,2.2527798720880408,-1,2.2018683993842423,25455.73635189924,2014-03-03
2014-02-03,gbp,2Y2Y,1.9230862303892244,-1,1.9221811427933742,452.5437979251423,2014-03-03
2014-02-03,gbp,1Y3Y,1.570319990485018,-1,1.5855193001483903,-7599.65483168612,2014-03-03
2014-02-03,gbp,8Y1Y,3.4859633440726068,1,3.4588067406554845,-13578.301708561114,2014-03-03
2014-02-03,gbp,8Y2Y,3.522029161226221,1,3.503169875637775,-9429.642794223091,2014-03-03
2014-02-03,gbp,9Y1Y,3.5591820825191913,1,3.548865637719684,-5158.22239975372,2014-03-03
2014-03-03,gbp,3Y1Y,2.2489605154758188,-1,2.362087422620629,-56563.45357240511,2014-04-01
2014-03-03,gbp,2Y2Y,1.9685156031771,-1,2.1056691163204095,-68576.75657165474,2014-04-01
2014-03-03,gbp,1Y3Y,1.631397521449378,-1,1.753198432800186,-60900.455675403915,2014-04-01
2014-03-03,gbp,7Y3Y,3.4412288681445706,1,3.362739932736695,-39244.46770393786,2014-04-01
2014-03-03,gbp,8Y2Y,3.5139453631053583,1,3.44203957383275,-35952.89463630413,2014-04-01
2014-03-03,gbp,9Y1Y,3.5558096550177596,1,3.4959322140349576,-29938.720491401004,2014-04-01
2014-04-01,gbp,1Y1Y,1.1226502096902098,-1,1.1322673807704136,-4808.585540101884,2014-05-01
2014-04-01,gbp,1Y2Y,1.5096027723361376,-1,1.506369829010903,1616.4716626172471,2014-05-01
2014-04-01,gbp,1Y3Y,1.8001357062028653,-1,1.7714810104946457,14327.347854109828,2014-05-01
2014-04-01,gbp,8Y2Y,3.4535596058422247,1,3.2645453691677684,-94507.11833722814,2014-05-01
2014-04-01,gbp,5Y1Y,2.852118861745929,1,2.7658781599805775,-43120.35088267585,2014-05-01
2014-04-01,gbp,9Y1Y,3.5043623220247686,1,3.2950719700033875,-104645.17601069057,2014-05-01
2014-05-01,gbp,1Y1Y,1.1882384299036155,-1,1.1876711457191371,283.64209223918914,2014-06-02
2014-05-01,gbp,1Y2Y,1.556944329868232,-1,1.5215255363764175,17709.396745907212,2014-06-02
2014-05-01,gbp,2Y1Y,1.9381047657433204,-1,1.8625297700045171,37787.49786940161,2014-06-02
2014-05-01,gbp,6Y1Y,2.90293265042047,1,2.9320046376629434,14535.993621236586,2014-06-02
2014-05-01,gbp,8Y2Y,3.274470021340912,1,3.255729308452153,-9370.356444379668,2014-06-02
2014-05-01,gbp,9Y1Y,3.2999296773290343,1,3.2809496854504494,-9489.99593929245,2014-06-02
2014-06-02,gbp,1Y1Y,1.240326833648206,-1,1.4726913280053306,-116182.24717856229,2014-07-01
2014-06-02,gbp,1Y2Y,1.5669276839632895,-1,1.812818159676358,-122945.23785653421,2014-07-01
2014-06-02,gbp,1Y3Y,1.8320026783715806,-1,2.0435536577812483,-105775.48970483386,2014-07-01
2014-06-02,gbp,7Y3Y,3.201339376828408,1,3.18905794342126,-6140.716703574079,2014-07-01
2014-06-02,gbp,8Y2Y,3.265005699892896,1,3.24050748441748,-12249.107737708042,2014-07-01
2014-06-02,gbp,9Y1Y,3.2841967562057186,1,3.270453529336598,-6871.6134345603305,2014-07-01
2014-07-01,gbp,1Y1Y,1.5291240721630581,-1,,,2014-08-01
2014-07-01,gbp,1Y2Y,1.860988671273601,-1,,,2014-08-01
2014-07-01,gbp,1Y3Y,2.085892180528713,-1,,,2014-08-01
2014-07-01,gbp,7Y3Y,3.1972602687564255,1,,,2014-08-01
2014-07-01,gbp,8Y2Y,3.247948877048505,1,,,2014-08-01
2014-07-01,gbp,9Y1Y,3.2757472393418583,1,,,2014-08-01
2009-08-03,usd,1Y1Y,2.046317916449693,-1,1.6179271843001524,214195.36607477043,2009-09-01
2009-08-03,usd,1Y2Y,2.674422677809667,-1,2.2289321103699735,222745.2837198467,2009-09-01
2009-08-03,usd,1Y3Y,3.0977545016865236,-1,2.6389247649023884,229414.8683920676,2009-09-01
2009-08-03,usd,7Y3Y,4.788049172091043,1,4.524477577127902,-131785.79748157036,2009-09-01
2009-08-03,usd,9Y1Y,4.802077613900467,1,4.639476190727178,-81300.71158664442,2009-09-01
2009-08-03,usd,7Y1Y,4.746359575840144,1,4.437730947898703,-154314.31397072037,2009-09-01
2009-09-01,usd,1Y1Y,1.7204472863945859,-1,1.5489485122258022,85749.38708439184,2009-10-01
2009-09-01,usd,1Y2Y,2.312946053018196,-1,2.1043067278202123,104319.66259899174,2009-10-01
2009-09-01,usd,1Y3Y,2.712872165945454,-1,2.4903780430250224,111247.0614602159,2009-10-01
2009-09-01,usd,7Y3Y,4.528931609172205,1,4.095449811836679,-216740.89866776302,2009-10-01
2009-09-01,usd,7Y2Y,4.472492720356738,1,4.037667811906387,-217412.4542251752,2009-10-01
2009-09-01,usd,7Y1Y,4.4339822217396865,1,3.9970875658548506,-218447.32794241793,2009-10-01
2009-10-01,usd,1Y1Y,1.641686596661793,-1,1.6181777761625693,11754.41024961188,2009-11-02
2009-10-01,usd,1Y2Y,2.184313040062505,-1,2.2030165602072933,-9351.760072394243,2009-11-02
2009-10-01,usd,1Y3Y,2.5609856335303287,-1,2.6166512877569317,-27832.827113301482,2009-11-02
2009-10-01,usd,6Y2Y,4.029986649550713,1,4.508759419482527,239386.38496590726,2009-11-02
2009-10-01,usd,7Y2Y,4.03879541814982,1,4.555955434383257,258580.00811671864,2009-11-02
2009-10-01,usd,7Y1Y,3.9908716287341663,1,4.579750517518031,294439.4443919322,2009-11-02
2009-11-02,usd,1Y1Y,1.7161024641404345,-1,1.2473286688920202,234386.89762420714,2009-12-01
2009-11-02,usd,1Y2Y,2.283801848009157,-1,1.7980560887930666,242872.87960804527,2009-12-01
2009-11-02,usd,1Y3Y,2.6888518932057606,-1,2.2363634563638244,226244.21842096807,2009-12-01
2009-11-02,usd,7Y2Y,4.558914559450744,1,4.444851124588743,-57031.71743100066,2009-12-01
2009-11-02,usd,8Y2Y,4.592214776931828,1,4.550600792405703,-20806.992263062264,2009-12-01
2009-11-02,usd,8Y1Y,4.525734314551946,1,4.476067893965883,-24833.210293031538,2009-12-01
2009-12-01,usd,1Y1Y,1.3369254723610071,-1,1.7448500061469523,-203962.26689297258,2010-01-04
2009-12-01,usd,1Y2Y,1.874266623464894,-1,2.3746736175123626,-250203.49702373432,2010-01-04
2009-12-01,usd,1Y3Y,2.3099624637561162,-1,2.84692970122791,-268483.6187358968,2010-01-04
2009-12-01,usd,7Y1Y,4.424015060997192,1,5.037162677528008,306573.80826540815,2010-01-04
2009-12-01,usd,7Y2Y,4.451863531173228,1,5.016649628353053,282393.0485899124,2010-01-04
2009-12-01,usd,8Y1Y,4.480822261843715,1,4.995097819597189,257137.77887673708,2010-01-04
2010-01-04,usd,1Y1Y,1.8414761309685692,-1,1.4514017606641736,195037.1851521978,2010-02-01
2010-01-04,usd,1Y2Y,2.4600190565425626,-1,2.0672807144215595,196369.17106050157,2010-02-01
2010-01-04,usd,1Y3Y,2.926621957444112,-1,2.5451977496174507,190712.10391333062,2010-02-01
2010-01-04,usd,8Y2Y,5.055406475190994,1,5.045352251122677,-5027.112034158509,2010-02-01
2010-01-04,usd,7Y2Y,5.017324684934086,1,4.953258943610347,-32032.87066186933,2010-02-01
2010-01-04,usd,8Y1Y,4.990682287481816,1,4.98827863242635,-1201.8275277330126,2010-02-01
2010-02-01,usd,1Y1Y,1.5350312443824767,-1,1.289308939282125,122861.15255017583,2010-03-01
2010-02-01,usd,1Y2Y,2.142136206470006,-1,1.882128072481836,130004.06699408495,2010-03-01
2010-02-01,usd,1Y3Y,2.6164702977448577,-1,2.3563079321532694,130081.18279579417,2010-03-01
2010-02-01,usd,6Y1Y,4.747412949429833,1,4.729658292372467,-8877.328528682949,2010-03-01
2010-02-01,usd,8Y2Y,5.052151461074871,1,4.924414163056547,-63868.649009162225,2010-03-01
2010-02-01,usd,8Y1Y,4.992764993819049,1,4.830125718387883,-81319.6377155827,2010-03-01
2010-03-01,usd,1Y1Y,1.38000684655115,-1,1.5400680409105885,-80030.59717971928,2010-04-01
2010-03-01,usd,1Y2Y,1.963495294577831,-1,2.1737404637355526,-105122.5845788608,2010-04-01
2010-03-01,usd,1Y3Y,2.434439501508157,-1,2.6594026452229707,-112481.5718574068,2010-04-01
2010-03-01,usd,8Y1Y,4.835519028434163,1,5.136854241986307,150667.60677607195,2010-04-01
2010-03-01,usd,7Y2Y,4.803017175190269,1,5.099497389326023,148240.10706787716,2010-04-01
2010-03-01,usd,7Y1Y,4.772034981073173,1,5.063825362757138,145895.19084198255,2010-04-01
2010-04-01,usd,1Y1Y,1.6386638479865392,-1,1.440551009594453,99056.41919604313,2010-05-03
2010-04-01,usd,1Y2Y,2.2610289319977332,-1,1.9868635843828288,137082.6738074522,2010-05-03
2010-04-01,usd,1Y3Y,2.7407111787106704,-1,2.4450802435158776,147815.46759739637,2010-05-03
2010-04-01,usd,6Y3Y,5.034538112175461,1,4.765340015162985,-134599.04850623826,2010-05-03
2010-04-01,usd,8Y2Y,5.210521728428336,1,4.862777374286804,-173872.1770707663,2010-05-03
2010-04-01,usd,8Y1Y,5.142433447385856,1,4.827041827488063,-157695.80994889632,2010-05-03
2010-05-03,usd,1Y1Y,1.5278279444912117,-1,1.0700868858604071,228870.52931540232,2010-06-01
2010-05-03,usd,1Y2Y,2.063063786339187,-1,1.5539441491857777,254559.81857670474,2010-06-01
2010-05-03,usd,1Y3Y,2.519920892565929,-1,1.978493161267146,270713.8656493916,2010-06-01
2010-05-03,usd,7Y2Y,4.817014159502906,1,4.222226994362984,-297393.5825699612,2010-06-01
2010-05-03,usd,8Y2Y,4.866974506925418,1,4.37636073349013,-245306.88671764403,2010-06-01
2010-05-03,usd,8Y1Y,4.829036521855815,1,4.297694708785585,-265670.9065351151,2010-06-01
2010-06-01,usd,3Y1Y,2.938268958704522,-1,2.5271175739688223,205575.69236784978,2010-07-01
2010-06-01,usd,4Y1Y,3.7778657891478287,-1,3.1817493335347797,298058.2278065245,2010-07-01
2010-06-01,usd,3Y2Y,3.35020341167478,-1,2.8491887888973633,250507.31138870842,2010-07-01
2010-06-01,usd,7Y2Y,4.225022378649369,1,3.8547007452906352,-185160.81667936678,2010-07-01
2010-06-01,usd,5Y1Y,3.7966987355998776,1,3.460103205142462,-168297.76522870787,2010-07-01
2010-06-01,usd,7Y1Y,4.141660410032447,1,3.7688796521380055,-186390.37894722077,2010-07-01
2010-07-01,usd,3Y1Y,2.6058711199906512,-1,2.2647262330668116,170572.4434619198,2010-08-02
2010-07-01,usd,3Y2Y,2.915492095907473,-1,2.573138439055539,171176.82842596693,2010-08-02
2010-07-01,usd,2Y2Y,2.1402273852817975,-1,1.855010459238916,142608.4630214407,2010-08-02
2010-07-01,usd,6Y2Y,3.7929578052260164,1,3.999731261316498,103386.72804524073,2010-08-02
2010-07-01,usd,7Y2Y,3.8614359193257224,1,4.043413606781614,90988.84372794602,2010-08-02
2010-07-01,usd,7Y1Y,3.764644119946509,1,4.0537878275172,144571.85378534574,2010-08-02
2010-08-02,usd,3Y1Y,2.3354246674478243,-1,2.0264789099509413,154472.8787484415,2010-09-01
2010-08-02,usd,3Y2Y,2.6346330475590345,-1,2.2838165034304847,175408.2720642749,2010-09-01
2010-08-02,usd,2Y2Y,1.9147513542095806,-1,1.6370989554984479,138826.1993555664,2010-09-01
2010-08-02,usd,7Y1Y,4.060336452467586,1,3.434941734279817,-312697.3590938842,2010-09-01
2010-08-02,usd,7Y2Y,4.0454930677522825,1,3.4605828866635737,-292455.0905443544,2010-09-01
2010-08-02,usd,8Y1Y,4.030042712419948,1,3.4875974435895336,-271222.63441520714,2010-09-01
2010-09-01,usd,3Y1Y,2.093510412971129,-1,1.744136433324971,174686.98982307906,2010-10-01
2010-09-01,usd,2Y2Y,1.6922856910150466,-1,1.3997595244699017,146263.0832725724,2010-10-01
2010-09-01,usd,3Y2Y,2.3382255757837287,-1,2.129110703328243,104557.43622774282,2010-10-01
2010-09-01,usd,7Y1Y,3.445382336722694,1,3.5645064631193137,59562.063198309814,2010-10-01
2010-09-01,usd,7Y2Y,3.4677955139530665,1,3.662183342536853,97193.91429189318,2010-10-01
2010-09-01,usd,8Y1Y,3.492147891502083,1,3.763027147516212,135439.62800706443,2010-10-01
2010-10-01,usd,4Y1Y,2.591088665551182,-1,2.4715686998911117,59759.98283003503,2010-11-01
2010-10-01,usd,3Y2Y,2.1924553053406726,-1,2.1175244776622835,37465.41383919455,2010-11-01
2010-10-01,usd,3Y1Y,1.8041015875985122,-1,1.7751756218399615,14462.982879275387,2010-11-01
2010-10-01,usd,7Y3Y,3.7483758955149846,1,4.1397571684771695,195690.63648109243,2010-11-01
2010-10-01,usd,7Y1Y,3.5762520278439585,1,3.8169487848957893,120348.3785259154,2010-11-01
2010-10-01,usd,9Y1Y,3.9003679051160742,1,4.376836454509284,238234.27469660508,2010-11-01
2010-11-01,usd,3Y1Y,1.8569070503089864,-1,2.3181538212397763,-230623.38546539497,2010-12-01
2010-11-01,usd,3Y2Y,2.186207189264689,-1,2.6975507019810734,-255671.7563581923,2010-12-01
2010-11-01,usd,3Y3Y,2.5274931266556204,-1,3.0181767355743405,-245341.80445936005,2010-12-01
2010-11-01,usd,7Y3Y,4.154488769115974,1,4.494728217666523,170119.72427527452,2010-12-01
2010-11-01,usd,9Y1Y,4.384780867985606,1,4.788467636740894,201843.3843776437,2010-12-01
2010-11-01,usd,7Y1Y,3.814909063605399,1,4.25150651638623,218298.72639041545,2010-12-01
2010-12-01,usd,3Y1Y,2.4081187139138844,-1,2.8345943661641706,-213237.82612514307,2011-01-03
2010-12-01,usd,3Y2Y,2.7741179042820296,-1,3.200511148472012,-213196.62209499124,2011-01-03
2010-12-01,usd,2Y2Y,1.88803216583456,-1,2.315916455168809,-213942.1446671245,2011-01-03
2010-12-01,usd,8Y1Y,4.490672983559743,1,4.753613236965723,131470.12670299006,2011-01-03
2010-12-01,usd,7Y2Y,4.375373780165177,1,4.70155638644458,163091.30313970186,2011-01-03
2010-12-01,usd,7Y1Y,4.2670792238851,1,4.65189364250898,192407.20931193998,2011-01-03
2011-01-03,usd,3Y1Y,2.9232129006682674,-1,2.953207720231922,-14997.409781827286,2011-02-01
2011-01-03,usd,2Y2Y,2.3948787385959007,-1,2.4126752258944912,-8898.243649295257,2011-02-01
2011-01-03,usd,3Y2Y,3.2758380316521034,-1,3.3395586388631524,-31860.3036055245,2011-02-01
2011-01-03,usd,7Y2Y,4.711607868633769,1,4.892431772056639,90411.95171143502,2011-02-01
2011-01-03,usd,8Y2Y,4.820769510077661,1,5.078222816294603,128726.65310847075,2011-02-01
2011-01-03,usd,8Y1Y,4.761975381215881,1,5.0109075026731045,124466.06072861188,2011-02-01
2011-02-01,usd,3Y1Y,3.038789203706119,-1,3.0469984913891364,-4104.6438415086595,2011-03-01
2011-02-01,usd,3Y2Y,3.411716084386536,-1,3.4341983519908355,-11241.13380214964,2011-03-01
2011-02-01,usd,2Y2Y,2.48468432631036,-1,2.5620499973803397,-38682.83553498975,2011-03-01
2011-02-01,usd,7Y3Y,4.984802361509969,1,4.764048962451835,-110376.6995290667,2011-03-01
2011-02-01,usd,9Y1Y,5.161105963708828,1,4.922817345629772,-119144.3090395281,2011-03-01
2011-02-01,usd,7Y1Y,4.784195703393133,1,4.625694552641795,-79250.57537566894,2011-03-01
2011-03-01,usd,3Y1Y,3.131316495435052,-1,3.1261607527677784,2577.8713336368496,2011-04-01
2011-03-01,usd,1Y1Y,0.999967181409221,-1,1.18263616792404,-91334.4932574095,2011-04-01
2011-03-01,usd,1Y3Y,2.0787455694685555,-1,2.208703656512317,-64979.04352188067,2011-04-01
2011-03-01,usd,7Y3Y,4.773239540019229,1,4.664397464077202,-54421.037971013495,2011-04-01
2011-03-01,usd,7Y2Y,4.69765583960699,1,4.631387568003543,-33134.13580172364,2011-04-01
2011-03-01,usd,7Y1Y,4.62762152340358,1,4.579188596356833,-24216.463523373477,2011-04-01
2011-04-01,usd,1Y1Y,1.2786655035090637,-1,0.8910415330863573,193811.98521135325,2011-05-02
2011-04-01,usd,1Y2Y,1.8490541650012122,-1,1.4096409540152877,219706.60549296226,2011-05-02
2011-04-01,usd,1Y3Y,2.283020555129473,-1,1.8916734679843432,195673.54357256496,2011-05-02
2011-04-01,usd,7Y2Y,4.637235446230854,1,4.946101506255594,154433.0300123704,2011-05-02
2011-04-01,usd,9Y1Y,4.73720911577589,1,4.216205379720271,-260501.86802780972,2011-05-02
2011-04-01,usd,7Y1Y,4.581956905720823,1,5.078523299101422,248283.19669029987,2011-05-02
2011-05-02,usd,7Y1Y,5.177551587739612,-1,4.236576714328246,470487.43670568307,2011-06-01
2011-05-02,usd,5Y1Y,4.596064461574574,-1,3.728685924026798,433689.268773888,2011-06-01
2011-05-02,usd,3Y1Y,2.9705949250808787,-1,2.3518580555664683,309368.43475720525,2011-06-01
2011-05-02,usd,8Y2Y,4.47733586067007,1,4.5575664426902,40115.29101006461,2011-06-01
2011-05-02,usd,6Y1Y,4.017546809564344,1,4.106213760510612,44333.47547313415,2011-06-01
2011-05-02,usd,9Y1Y,4.166678976735059,1,4.653530534255008,243425.7787599745,2011-06-01
2011-06-01,usd,3Y1Y,2.4319388414002923,-1,2.6527733387962518,-110417.24869797974,2011-07-01
2011-06-01,usd,3Y2Y,2.836975030541117,-1,3.0589182494774225,-110971.60946815276,2011-07-01
2011-06-01,usd,4Y1Y,3.2529529343453927,-1,3.4783224813806815,-112684.77351764438,2011-07-01
2011-06-01,usd,7Y3Y,4.459347747562307,1,4.617710546732989,79181.39958534099,2011-07-01
2011-06-01,usd,7Y2Y,4.361775848153374,1,4.486763280657481,62493.71625205358,2011-07-01
2011-06-01,usd,7Y1Y,4.245470915360332,1,4.2592221146481055,6875.599643886953,2011-07-01
2011-07-01,usd,3Y1Y,2.7362985300026788,-1,1.8085620454646518,463868.2422690135,2011-08-01
2011-07-01,usd,3Y2Y,3.1351330093043925,-1,2.285206397976459,424963.3056639668,2011-08-01
2011-07-01,usd,2Y2Y,2.2399749518307996,-1,1.3626973602100247,438638.79581038747,2011-08-01
2011-07-01,usd,9Y1Y,4.9114755663288125,1,4.554276333420251,-178599.61645428068,2011-08-01
2011-07-01,usd,6Y2Y,4.351050253903366,1,4.076801704990275,-137124.2744565455,2011-08-01
2011-07-01,usd,7Y1Y,4.242581024340015,1,4.171904413880356,-35338.30522982928,2011-08-01
2011-08-01,usd,4Y1Y,2.868204286398357,-1,2.0511494284290688,408527.4289846441,2011-09-01
2011-08-01,usd,4Y2Y,3.3318091585236314,-1,2.3846893412664754,473559.908628578,2011-09-01
2011-08-01,usd,5Y1Y,3.8137464122757545,-1,2.728426314004111,542660.0491358218,2011-09-01
2011-08-01,usd,6Y2Y,4.092690122689546,1,3.1877922965920775,-452448.91304873413,2011-09-01
2011-08-01,usd,7Y1Y,4.187730699456617,1,3.314926101477935,-436402.298989341,2011-09-01
2011-08-01,usd,9Y1Y,4.56715168896207,1,3.7547924843540295,-406179.60230402,2011-09-01
2011-09-01,usd,3Y1Y,1.3501339113245354,-1,1.1556197636639565,97257.07383028948,2011-10-03
2011-09-01,usd,3Y2Y,1.7294591956445777,-1,1.4528045858823424,138327.30488111766,2011-10-03
2011-09-01,usd,3Y3Y,2.074611482636337,-1,1.7066631883706813,183974.1471328279,2011-10-03
2011-09-01,usd,9Y1Y,3.772988739127687,1,2.8739041647156385,-449542.28720602416,2011-10-03
2011-09-01,usd,8Y2Y,3.6610718959168276,1,2.7725882135188304,-444241.84119899856,2011-10-03
2011-09-01,usd,1Y1Y,0.14821792521493174,1,0.1712169916452856,11499.533215176925,2011-10-03
2011-10-03,usd,4Y1Y,1.8116905245377535,-1,1.9060160255707792,-47162.75051651286,2011-11-01
2011-10-03,usd,3Y1Y,1.2083074518521173,-1,1.1891753413489454,9566.055251585936,2011-11-01
2011-10-03,usd,3Y2Y,1.5047371812699963,-1,1.54558770126358,-20425.25999679179,2011-11-01
2011-10-03,usd,7Y2Y,2.6123299814495184,1,2.9819259084347465,184797.963492614,2011-11-01
2011-10-03,usd,7Y1Y,2.53809700228438,1,2.8921501516910397,177026.57470332994,2011-11-01
2011-10-03,usd,1Y1Y,0.17906925857270256,1,0.1578497141056684,-10609.772233517086,2011-11-01
2011-11-01,usd,3Y1Y,1.2521327272020841,-1,1.1890887070177627,31522.01009216071,2011-12-01
2011-11-01,usd,3Y2Y,1.60703134962859,-1,1.5570562215012052,24987.564063692404,2011-12-01
2011-11-01,usd,4Y1Y,1.966442632311969,-1,1.931279902050943,17581.365130513004,2011-12-01
2011-11-01,usd,6Y2Y,2.8244938716867,1,2.851136959917785,13321.544115542538,2011-12-01
2011-11-01,usd,7Y1Y,2.905243445747697,1,2.932369800198399,13563.177225351053,2011-12-01
2011-11-01,usd,1Y1Y,0.16104860971695112,1,0.21057130497495127,24761.347629000076,2011-12-01
2011-12-01,usd,5Y1Y,2.9546028581236445,-1,2.4037977087939266,275402.574664859,2012-01-03
2011-12-01,usd,4Y2Y,2.4670040686223813,-1,2.056908572092726,205047.74826482762,2012-01-03
2011-12-01,usd,3Y3Y,2.0510677543416085,-1,1.7248298317547486,163118.96129342995,2012-01-03
2011-12-01,usd,6Y3Y,2.9390992302222174,1,2.6750200323467626,-132039.59893772745,2012-01-03
2011-12-01,usd,6Y2Y,2.8506521490592736,1,2.585001209689285,-132825.4696849942,2012-01-03
2011-12-01,usd,6Y1Y,2.756283249106855,1,2.481519431836566,-137381.90863514444,2012-01-03
2012-01-03,usd,5Y1Y,2.4626140298534174,-1,2.1299944696369106,166309.78010825338,2012-02-01
2012-01-03,usd,4Y2Y,2.113690646240424,-1,1.8061408229705445,153774.91163493972,2012-02-01
2012-01-03,usd,4Y1Y,1.7741888998222006,-1,1.4900482688778118,142070.3154721944,2012-02-01
2012-01-03,usd,6Y2Y,2.595414967105492,1,2.591120646939396,-2147.1600830480497,2012-02-01
2012-01-03,usd,1Y1Y,0.2151738323174077,1,0.18992336964940418,-12625.231334001757,2012-02-01
2012-01-03,usd,6Y1Y,2.483274304126197,1,2.510282520768738,13504.10832127058,2012-02-01
2012-02-01,usd,5Y1Y,2.181029769957221,-1,2.2683188305904975,-43644.53031663818,2012-03-01
2012-02-01,usd,4Y2Y,1.8568508195145659,-1,1.9995517313671678,-71350.45592630096,2012-03-01
2012-02-01,usd,4Y1Y,1.5406021709620765,-1,1.7368676315969314,-98132.73031742743,2012-03-01
2012-02-01,usd,2Y1Y,0.3387776389699762,1,0.5620369160736964,111629.63855186012,2012-03-01
2012-02-01,usd,1Y1Y,0.19898245870633788,1,0.26152028827815993,31268.914785911024,2012-03-01
2012-02-01,usd,1Y2Y,0.26770207450281,1,0.41070293553285536,71500.43051502269,2012-03-01
2012-03-01,usd,4Y1Y,1.7928899323550533,-1,1.9320547447934429,-69582.40621919476,2012-04-02
2012-03-01,usd,3Y2Y,1.4622477492368526,-1,1.5964226747240884,-67087.46274361789,2012-04-02
2012-03-01,usd,4Y2Y,2.0496913150877374,-1,2.2073524997828518,-78830.59234755718,2012-04-02
2012-03-01,usd,7Y2Y,2.9579123036873973,1,3.1752093831671813,108648.53973989197,2012-04-02
2012-03-01,usd,1Y1Y,0.2738587266187497,1,0.3119972707506985,19069.272065974394,2012-04-02
2012-03-01,usd,7Y1Y,2.8652501413062077,1,3.0872905002846953,111020.1794892438,2012-04-02
2012-04-02,usd,4Y1Y,1.9884909549974827,-1,1.6489329179382322,169779.0185296253,2012-05-01
2012-04-02,usd,3Y2Y,1.648643290472979,-1,1.3366580881870862,155992.60114294643,2012-05-01
2012-04-02,usd,4Y2Y,2.258479885547338,-1,1.8972280515388096,180625.91700426425,2012-05-01
2012-04-02,usd,7Y3Y,3.278976533384151,1,3.018975266681435,-130000.63335135813,2012-05-01
2012-04-02,usd,7Y2Y,3.1884432598449397,1,2.9135564603575568,-137443.39974369147,2012-05-01
2012-04-02,usd,7Y1Y,3.099042749110666,1,2.8179968486582574,-140522.9502262042,2012-05-01
2012-05-01,usd,4Y1Y,1.7033706313589776,-1,1.220921325918044,241224.65272046678,2012-06-01
2012-05-01,usd,3Y2Y,1.3863685450570353,-1,0.971871990812974,207248.27712203065,2012-06-01
2012-05-01,usd,4Y2Y,1.9452050931420566,-1,1.4177481645265948,263728.4643077309,2012-06-01
2012-05-01,usd,8Y1Y,3.0279749101043096,1,2.248438941686909,-389767.98420870025,2012-06-01
2012-05-01,usd,1Y2Y,0.382334721784223,1,0.27340686996923386,-54463.92590749458,2012-06-01
2012-05-01,usd,1Y1Y,0.23505834607638781,1,0.21462435075937816,-10216.997658504824,2012-06-01
2012-06-01,usd,4Y1Y,1.2622053920204765,-1,1.2584462094149254,1879.5913027755962,2012-07-02
2012-06-01,usd,3Y2Y,1.0096935110543428,-1,1.0018535483031914,3919.9813755756986,2012-07-02
2012-06-01,usd,4Y2Y,1.4543534059537364,-1,1.4770033239846396,-11324.959015451608,2012-07-02
2012-06-01,usd,2Y1Y,0.34193579887737485,1,0.3698145947629778,13939.397942801468,2012-07-02
2012-06-01,usd,1Y2Y,0.2806698416471787,1,0.30415434364837735,11742.251000599335,2012-07-02
2012-06-01,usd,1Y1Y,0.21847263449622434,1,0.23874040042517145,10133.882964473552,2012-07-02
2012-07-02,usd,4Y1Y,1.3046594042278363,-1,1.2575018614673155,23578.771380260434,2012-08-01
2012-07-02,usd,4Y2Y,1.5188009762796129,-1,1.46020251256174,29299.23185893646,2012-08-01
2012-07-02,usd,3Y2Y,1.0409288744812728,-1,1.0353523649825953,2788.254749338748,2012-08-01
2012-07-02,usd,2Y1Y,0.37951584594250115,1,0.28664074464885314,-46437.550646824006,2012-08-01
2012-07-02,usd,1Y2Y,0.31114245358463977,1,0.23785376340423725,-36644.345090201256,2012-08-01
2012-07-02,usd,1Y1Y,0.2430349782025797,1,0.1889419885348514,-27046.494833864148,2012-08-01
2012-08-01,usd,3Y1Y,0.8650339074564702,-1,0.6626998014206432,101167.05301791351,2012-09-04
2012-08-01,usd,3Y2Y,1.0790265964145735,-1,0.9205331377986234,79246.72930797505,2012-09-04
2012-08-01,usd,3Y3Y,1.2836028119537366,-1,1.1761387567191088,53732.027617313885,2012-09-04
2012-08-01,usd,2Y1Y,0.29289071458481897,1,0.2949495405400142,1029.4129775976212,2012-09-04
2012-08-01,usd,1Y2Y,0.243518240091609,1,0.23191919920036394,-5799.520445622528,2012-09-04
2012-08-01,usd,1Y1Y,0.19402377065622772,1,0.16907811491944919,-12472.82786838927,2012-09-04
2012-09-04,usd,4Y1Y,1.229871890645017,-1,1.2194900538113367,5190.9184168401625,2012-10-01
2012-09-04,usd,4Y2Y,1.4863834580226731,-1,1.4623635521574163,12009.95293262841,2012-10-01
2012-09-04,usd,5Y1Y,1.7461785562773762,-1,1.7081308909903625,19023.832643506823,2012-10-01
2012-09-04,usd,2Y1Y,0.30438081324804633,1,0.29714856234437925,-3616.1254518335404,2012-10-01
2012-09-04,usd,1Y2Y,0.239599537391025,1,0.23033224137491273,-4633.64800805613,2012-10-01
2012-09-04,usd,1Y1Y,0.17502159399010508,1,0.1637181976986826,-5651.698145711246,2012-10-01
2012-10-01,usd,4Y1Y,1.2688245180394946,-1,1.3163636989845875,-23769.590472546453,2012-11-01
2012-10-01,usd,4Y2Y,1.5082404946569696,-1,1.5430774286590767,-17418.467001053537,2012-11-01
2012-10-01,usd,4Y3Y,1.7538622624015603,-1,1.7850035926266952,-15570.66511256744,2012-11-01
2012-10-01,usd,2Y1Y,0.30738846690263644,1,0.399699767623104,46155.65036023378,2012-11-01
2012-10-01,usd,1Y2Y,0.23859133746926317,1,0.3078327634704141,34620.713000575466,2012-11-01
2012-10-01,usd,1Y1Y,0.17001212658068984,1,0.21712114772354604,23554.5105714281,2012-11-01
2012-11-01,usd,4Y1Y,1.3596360360661555,-1,1.1252142375685352,117210.89924881012,2012-12-03
2012-11-01,usd,6Y1Y,2.3270860648690364,-1,2.1191279344496237,103979.06520970634,2012-12-03
2012-11-01,usd,4Y3Y,1.8258675167574492,-1,1.6100312193981923,107918.14867962846,2012-12-03
2012-11-01,usd,2Y1Y,0.4136555226400993,1,0.307912033666257,-52871.74448692114,2012-12-03
2012-11-01,usd,1Y2Y,0.31813542932316763,1,0.24450400119350316,-36815.71406483223,2012-12-03
2012-11-01,usd,1Y1Y,0.22493348334553598,1,0.18129480866168865,-21819.337341923663,2012-12-03
2012-12-03,usd,4Y1Y,1.1700343797001935,-1,1.384342559316059,-107154.08980793273,2013-01-02
2012-12-03,usd,6Y1Y,2.1636673384227967,-1,2.434415309515624,-135373.98554641358,2013-01-02
2012-12-03,usd,4Y2Y,1.4057624964923925,-1,1.6315574696807256,-112897.48659416653,2013-01-02
2012-12-03,usd,2Y1Y,0.3173885749519538,1,0.4247471114961201,53679.268272083165,2013-01-02
2012-12-03,usd,1Y2Y,0.25159358451550473,1,0.31812099777903574,33263.706631765504,2013-01-02
2012-12-03,usd,1Y1Y,0.18601326112283303,1,0.21137238907397418,12679.563975570574,2013-01-02
2013-01-02,usd,4Y1Y,1.4357918260875155,-1,1.6995516731165363,-131879.9235145104,2013-02-01
2013-01-02,usd,6Y1Y,2.4819352699103274,-1,2.747988157128448,-133026.44360906025,2013-02-01
2013-01-02,usd,4Y2Y,1.6781920134948352,-1,1.9623635918702562,-142085.78918771053,2013-02-01
2013-01-02,usd,2Y1Y,0.4400219237523904,1,0.5508643648700469,55421.22055882823,2013-02-01
2013-01-02,usd,1Y2Y,0.32959381696737206,1,0.405816196226655,38111.18962964146,2013-02-01
2013-01-02,usd,1Y1Y,0.21905625175700064,1,0.2609107637553231,20927.255999161243,2013-02-01
2013-02-01,usd,4Y1Y,1.7484645625424706,-1,1.460905963996858,143779.2992728063,2013-03-01
2013-02-01,usd,3Y2Y,1.4273472298870624,-1,1.1538036713068225,136771.77929011997,2013-03-01
2013-02-01,usd,4Y2Y,2.006920653496423,-1,1.73545023580074,135735.20884784142,2013-03-01
2013-02-01,usd,9Y1Y,3.539867480116976,1,3.3192339357739438,-110316.77217151615,2013-03-01
2013-02-01,usd,1Y2Y,0.4225380239716003,1,0.31544900616690247,-53544.50890234891,2013-03-01
2013-02-01,usd,1Y1Y,0.2733656750774932,1,0.203951270720693,-34707.202178400104,2013-03-01
2013-03-01,usd,4Y1Y,1.5141280854055237,-1,1.504945294629136,4591.395388193864,2013-04-01
2013-03-01,usd,4Y2Y,1.7853681128605279,-1,1.7721788149061226,6594.6489772026325,2013-04-01
2013-03-01,usd,4Y3Y,2.042059408476826,-1,2.0416177222843372,220.84309624448295,2013-04-01
2013-03-01,usd,2Y1Y,0.4433820175549487,1,0.4437661092944991,192.0458697751981,2013-04-01
2013-03-01,usd,1Y2Y,0.33012579774338213,1,0.33315755274950254,1515.8775030602035,2013-04-01
2013-03-01,usd,1Y1Y,0.2158620055558461,1,0.22274563406692624,3441.8142555400764,2013-04-01
2013-04-01,usd,4Y1Y,1.560298400623217,-1,1.3221781490327302,119060.12579524338,2013-05-01
2013-04-01,usd,4Y2Y,1.8223964760161382,-1,1.5639785581914696,129208.9589123343,2013-05-01
2013-04-01,usd,4Y3Y,2.0896385843291605,-1,1.83148440906591,129077.08763162528,2013-05-01
2013-04-01,usd,2Y1Y,0.4595386794663792,1,0.3583428460815252,-50597.916692427,2013-05-01
2013-04-01,usd,1Y2Y,0.3456914727550138,1,0.27099187410989334,-37349.79932256022,2013-05-01
2013-04-01,usd,1Y1Y,0.23206736174899853,1,0.18348159077155735,-24292.88548872059,2013-05-01
2013-05-01,usd,4Y1Y,1.3721448620930041,-1,2.012645800968491,-320250.4694377435,2013-06-03
2013-05-01,usd,6Y1Y,2.432451131868314,-1,2.993756367253574,-280652.61769263004,2013-06-03
2013-05-01,usd,4Y3Y,1.8780281321319778,-1,2.4917542630053955,-306863.0654367088,2013-06-03
2013-05-01,usd,2Y1Y,0.37090651215011433,1,0.7465167838516542,187805.13585076993,2013-06-03
2013-05-01,usd,1Y2Y,0.281046808658564,1,0.5305301637254524,124741.67753344418,2013-06-03
2013-05-01,usd,1Y1Y,0.19103528376852907,1,0.31559687418127963,62280.79520637528,2013-06-03
2013-06-03,usd,4Y1Y,2.067613423579298,-1,2.5953027336457466,-263844.6550332243,2013-07-01
2013-06-03,usd,3Y2Y,1.7359133614912527,-1,2.227684280019412,-245885.45926407966,2013-07-01
2013-06-03,usd,3Y1Y,1.4149505602394934,-1,1.8726643489564572,-228856.8943584819,2013-07-01
2013-06-03,usd,7Y3Y,3.4729260743495147,1,3.792168724629503,159621.32513999406,2013-07-01
2013-06-03,usd,7Y1Y,3.246534659796929,1,3.6445023748489875,198983.8575260292,2013-07-01
2013-06-03,usd,9Y1Y,3.693334703428343,1,3.9560927828081636,131379.0396899104,2013-07-01
2013-07-01,usd,3Y1Y,1.9446598473813237,-1,2.0817521131971746,-68546.13290792545,2013-08-01
2013-07-01,usd,3Y2Y,2.2940627696503166,-1,2.491771212230747,-98854.22129021527,2013-08-01
2013-07-01,usd,4Y1Y,2.6570459164840408,-1,2.9139225579198804,-128438.32071791984,2013-08-01
2013-07-01,usd,8Y1Y,3.7993200036763715,1,4.09678308632309,148731.54132335942,2013-08-01
2013-07-01,usd,7Y2Y,3.7257345980586143,1,4.038914285039069,156589.8434902273,2013-08-01
2013-07-01,usd,7Y1Y,3.6548802439993238,1,3.983060771572909,164090.26378679273,2013-08-01
2013-08-01,usd,3Y1Y,2.1667647741366314,-1,2.3306862068712375,-81960.71636730306,2013-09-03
2013-08-01,usd,3Y2Y,2.5690677206104375,-1,2.688933942337798,-59933.11086368025,2013-09-03
2013-08-01,usd,2Y2Y,1.6673509624063123,-1,1.85459567901032,-93622.35830200383,2013-09-03
2013-08-01,usd,7Y1Y,3.995199064741728,1,4.074315248947894,39558.09210308292,2013-09-03
2013-08-01,usd,7Y2Y,4.050126641528961,1,4.143455119736626,46664.23910383255,2013-09-03
2013-08-01,usd,8Y1Y,4.106793597961698,1,4.214962804386721,54084.603212511516,2013-09-03
2013-09-03,usd,3Y1Y,2.411515202243508,-1,1.960994097000976,225260.55262126587,2013-10-01
2013-09-03,usd,3Y2Y,2.758698186171234,-1,2.3575704183237707,200563.88392373157,2013-10-01
2013-09-03,usd,2Y2Y,1.9226772107077628,-1,1.4948407460435684,213918.23233209716,2013-10-01
2013-09-03,usd,7Y3Y,4.2227201334185125,1,4.035492764285353,-93613.68456657982,2013-10-01
2013-09-03,usd,7Y2Y,4.150848645906061,1,3.950903861879007,-99972.39201352691,2013-10-01
2013-09-03,usd,7Y1Y,4.077082790245199,1,3.8649771174604757,-106052.83639236163,2013-10-01
2013-10-01,usd,3Y1Y,2.043842481128792,-1,1.8556181534839538,94112.16382241916,2013-11-01
2013-10-01,usd,3Y2Y,2.4326943644906063,-1,2.269523149341957,81585.60757432465,2013-11-01
2013-10-01,usd,4Y1Y,2.8315296041057785,-1,2.6948205962383986,68354.50393368992,2013-11-01
2013-10-01,usd,7Y3Y,4.048637725225833,1,4.051979813136079,1671.043955122631,2013-11-01
2013-10-01,usd,7Y2Y,3.963154219837698,1,3.96772239058506,2284.0853736809663,2013-11-01
2013-10-01,usd,7Y1Y,3.8743458828142554,1,3.867788514702846,-3278.6840557046394,2013-11-01
2013-11-01,usd,3Y1Y,1.9333614793354945,-1,1.8782872879408365,27537.095697328983,2013-12-02
2013-11-01,usd,3Y2Y,2.3425521014709774,-1,2.356422982762653,-6935.440645837732,2013-12-02
2013-11-01,usd,4Y1Y,2.7632916063465824,-1,2.852809228146764,-44758.810900090706,2013-12-02
2013-11-01,usd,7Y3Y,4.065579673693664,1,4.28448801574899,109454.17102766308,2013-12-02
2013-11-01,usd,9Y1Y,4.2437394437078755,1,4.422151900580396,89206.22843626047,2013-12-02
2013-11-01,usd,7Y1Y,3.8790112657752855,1,4.1450076869823524,132998.21060353346,2013-12-02
2013-12-02,usd,4Y1Y,2.9374107849358273,-1,3.2069385346583097,-134763.8748612412,2014-01-02
2013-12-02,usd,3Y1Y,1.9625608739703093,-1,2.3601738979413938,-198806.51198554222,2014-01-02
2013-12-02,usd,3Y2Y,2.440000651229566,-1,2.7778452202919324,-168922.28453118308,2014-01-02
2013-12-02,usd,7Y3Y,4.294417747832077,1,4.389823504698162,47702.87843304244,2014-01-02
2013-12-02,usd,7Y2Y,4.229475278211996,1,4.323407278099009,46965.999943506366,2014-01-02
2013-12-02,usd,7Y1Y,4.15120665195223,1,4.256018163877047,52405.75596240848,2014-01-02
2014-01-02,usd,3Y1Y,2.455644813657716,-1,1.974696072646629,240474.37050554343,2014-02-03
2014-01-02,usd,3Y2Y,2.8602249830499304,-1,2.3611975839175674,249513.69956618152,2014-02-03
2014-01-02,usd,2Y2Y,1.9035074463149935,-1,1.5341903418134037,184658.55225079486,2014-02-03
2014-01-02,usd,7Y3Y,4.399759242122277,1,3.8635005406429768,-268129.3507396503,2014-02-03
2014-01-02,usd,7Y2Y,4.33255382672241,1,3.7918942435811895,-270329.7915706104,2014-02-03
2014-01-02,usd,7Y1Y,4.262249064339771,1,3.7223157428894975,-269966.6607251365,2014-02-03
2014-02-03,usd,3Y1Y,2.0429866217331103,-1,2.003123655588021,19931.483072544554,2014-03-03
2014-02-03,usd,3Y2Y,2.4253774694775445,-1,2.3571341162833392,34121.67659710263,2014-03-03
2014-02-03,usd,4Y1Y,2.8230127344062907,-1,2.724174431259373,49419.151573458774,2014-03-03
2014-02-03,usd,7Y3Y,3.873023408446603,1,3.8527371732816267,-10143.117582488203,2014-03-03
2014-02-03,usd,7Y2Y,3.800507457523878,1,3.7802299252277076,-10138.766148085177,2014-03-03
2014-02-03,usd,7Y1Y,3.728356484271893,1,3.713559110491614,-7398.68689013945,2014-03-03
2014-03-03,usd,3Y1Y,2.0770012441603574,-1,2.4382130966162068,-180605.9262279247,2014-04-01
2014-03-03,usd,3Y2Y,2.4243147441144792,-1,2.7371859169329924,-156435.5864092566,2014-04-01
2014-03-03,usd,2Y2Y,1.6380604715128222,-1,2.0092086022085542,-185574.065347866,2014-04-01
2014-03-03,usd,7Y3Y,3.8630165775050798,1,3.8427478155136288,-10134.3809957255,2014-04-01
2014-03-03,usd,7Y2Y,3.7891041556825837,1,3.7815822450284418,-3760.9553270709916,2014-04-01
2014-03-03,usd,7Y1Y,3.719347968672918,1,3.7335041473966055,7078.089361843842,2014-04-01
2014-04-01,usd,3Y1Y,2.50994488216305,-1,2.354545935674042,77699.47324450398,2014-05-01
2014-04-01,usd,2Y2Y,2.0762515675046167,-1,1.954994813012466,60628.37724607539,2014-05-01
2014-04-01,usd,2Y1Y,1.6583817322478123,-1,1.562654372028033,47863.680109889625,2014-05-01
2014-04-01,usd,7Y3Y,3.8483320678672857,1,3.623272195134048,-112529.93636661879,2014-05-01
2014-04-01,usd,7Y2Y,3.7841667022593803,1,3.576249844810677,-103958.42872435157,2014-05-01
2014-04-01,usd,7Y1Y,3.7298888999995086,1,3.5083801440080067,-110754.37799575095,2014-05-01
2014-05-01,usd,2Y1Y,1.630723689376219,-1,1.4880080382917666,71357.82554222613,2014-06-02
2014-05-01,usd,3Y1Y,2.422194083881635,-1,2.215779888029818,103207.09792590854,2014-06-02
2014-05-01,usd,2Y2Y,2.0223688953691585,-1,1.8488324300388246,86768.23266516697,2014-06-02
2014-05-01,usd,7Y3Y,3.6288382557619605,1,3.5520690552305076,-38384.60026572643,2014-06-02
2014-05-01,usd,7Y2Y,3.5817071769052835,1,3.493424034832523,-44141.57103638017,2014-06-02
2014-05-01,usd,7Y1Y,3.5066107126615327,1,3.4313018015272125,-37654.455567160076,2014-06-02
2014-06-02,usd,3Y1Y,2.275570880888394,-1,2.330259246206212,-27344.182658909143,2014-07-01
2014-06-02,usd,2Y2Y,1.9078710469640898,-1,1.9654580311218641,-28793.49207888715,2014-07-01
2014-06-02,usd,2Y1Y,1.5465040410941002,-1,1.612224272912835,-32860.115909367436,2014-07-01
2014-06-02,usd,7Y3Y,3.55902885336454,1,3.5690977426422785,5034.444638869262,2014-07-01
2014-06-02,usd,7Y2Y,3.4992182691172875,1,3.499278005749859,29.86831628581932,2014-07-01
2014-06-02,usd,7Y1Y,3.431798775166966,1,3.431352741392601,-223.01688718240342,2014-07-01
2014-07-01,usd,1Y1Y,0.7664858646877255,-1,,,2014-08-01
2014-07-01,usd,3Y1Y,2.3931920967756715,-1,,,2014-08-01
2014-07-01,usd,1Y3Y,1.596532704421022,-1,,,2014-08-01
2014-07-01,usd,7Y3Y,3.5768654304269982,1,,,2014-08-01
2014-07-01,usd,7Y2Y,3.5047595996986525,1,,,2014-08-01
2014-07-01,usd,7Y1Y,3.4296844773399586,1,,,2014-08-01
