point,t1,t2,aud,cad,nok,eur,gbp,jpy,nzd,sek,usd
1y1y,1,2,4.141387937010675,3.587182892520392,3.9784492968399414,2.819956874090897,4.037076698757408,0.48698940937754387,4.37663408855085,2.6018839741625794,4.035681552599048
1y2y,1,3,4.056928126453893,3.420369006357111,3.7894268251019056,2.7034172290858747,3.82081587803439,0.5630493946012254,4.181120125902967,2.4890600435927857,3.852212306993836
1y3y,1,4,4.033853004358969,3.3030387336008458,3.677890238500773,2.643183299894603,3.691299319753303,0.6241225354922385,4.090327894391571,2.4390174386937686,3.753999567413139
1y4y,1,5,4.056301476733102,3.244050601953727,3.611985788003231,2.6106608849461987,3.61327555813158,0.6820631482652636,4.061462448551593,2.4174054721652936,3.6974234306184837
1y5y,1,6,4.102146539869107,3.2509591633740493,3.5779003617586644,2.599061255102258,3.572150303169931,0.747712611538198,4.081490036819403,2.418262428486314,3.6629828018777957
1y6y,1,7,4.153451605499712,3.2804098887386335,3.5626858248097504,2.5981947125914613,3.556817501992144,0.821975824978638,4.115946943388233,2.4340675436809147,3.6705509490733865
1y7y,1,8,4.207906496814475,3.3173955933209314,3.556860383383291,2.604592113847274,3.559936862875472,0.8952748831334975,4.153222353641815,2.4541573142935027,3.6611270267293725
1y8y,1,9,4.253917809460217,3.3534139849247477,3.553593019513911,2.6151978537735716,3.5765078874674257,0.9632951159905216,4.19240695089759,2.4761797816042628,3.6632565240663792
1y9y,1,10,4.291417103550402,3.388480561874535,3.548868390156876,2.6288396483470917,3.5997900317467644,1.0302802777404028,4.2296538222195545,2.4976137201707336,3.66863225610711
1y10y,1,11,4.325504167066494,3.423123675608371,3.539624246146271,2.642878363319511,3.6246942977818932,1.0933481331703163,4.266876796399425,2.5158863372800275,3.6750182394014854
1y11y,1,12,4.356729929574539,3.4566073393630234,3.52600193973698,2.6556690587839378,3.6496654416788017,1.1520370452990891,4.304199614201549,2.5303543498158976,3.6826428141762992
1y12y,1,13,4.384288825041563,3.4878326180991883,3.508781512945019,2.6658752574972704,3.673769939816676,1.2071146798896824,4.34065004828819,2.540698276646222,3.6906204611482134
1y13y,1,14,4.407317703605839,3.5155554889754623,3.4885781878307953,2.6720733469777382,3.695933175123145,1.259321812958113,4.375122306316174,2.5464709300919655,3.6979419583408806
1y14y,1,15,4.424916363878921,3.5384388057479463,3.4659012730108407,2.6727835644680185,3.7149899782878686,1.3093816987410147,4.406424870274446,2.5471429617902883,3.7035185848633474
1y15y,1,16,4.436427165854787,3.555380363246232,3.4411809323056577,2.6669583145053015,3.730039567852333,1.3577488707656111,4.433657984972519,2.5423568358880377,3.7064031285272048
1y16y,1,17,4.442236355855791,3.5664138768045923,3.4147647964712884,2.655388811527403,3.7414282267416485,1.4038506787444842,4.457266977869813,2.5326168667941773,3.7063838815506416
1y17y,1,18,4.442965376083814,3.5718175674317814,3.3869583545988236,2.6392833246742873,3.7497734754175887,1.4468717481567468,4.477992348347086,2.5186107336938197,3.70340358945218
1y18y,1,19,4.439210516739641,3.571829532245004,3.3580429530236704,2.6198088946719436,3.7556519415147607,1.4860088524225707,4.4965333761602215,2.5009932952431466,3.6973746948491275
1y19y,1,20,4.431549558753305,3.566658234054456,3.328282185153942,2.59810239330207,3.759610135506037,1.5204677242256928,4.513558961011106,2.480395268065141,3.688187286748438
1y20y,1,21,4.420561483501428,3.5566355524259885,3.2979176062866684,2.5751586036449265,3.762095832144108,1.5497087586727887,4.529537844431101,2.457473022915619,3.6758586587501814
1y21y,1,22,4.406874677083697,3.5426565948115587,3.2671458005481373,2.551478804597993,3.7632363438690066,1.5741845580381866,4.544215192770851,2.4330433056945497,3.6609667087122357
1y22y,1,23,4.3911238846047755,3.525742834738372,3.2361471890277786,2.527436663013791,3.7630729176568005,1.5945878358281231,4.557153346547265,2.4079541527913673,3.6442171660823965
1y23y,1,24,4.3739370768384145,3.50690018601662,3.2050964536855373,2.5034001383125575,3.761639364595356,1.6116040310925863,4.567911113454593,2.3830437588206106,3.6263025645405724
1y24y,1,25,4.3559369370896075,3.4871223936702007,3.174163752868627,2.479732707986088,3.7589636056033764,1.6259128332042265,4.576044491874775,2.3591425716273333,3.6079050312855165
1y25y,1,26,4.337646467220213,3.4672277126668143,3.143476875987359,2.4567089073627417,3.7551050551725687,1.6381486025435166,4.581284776014457,2.3368748484054613,3.5895786419478743
1y26y,1,27,4.319204350883181,3.4473650389091457,3.113006057907428,2.434259809327814,3.7502637327456725,1.6487795353417833,4.58406955106797,2.3160620715343034,3.5713931322154955
1y27y,1,28,4.300653739615318,3.4275157422126923,3.082681437777778,2.4122311134116194,3.7446717158208562,1.658231345121313,4.585007173513514,2.2963273524328898,3.5532964779688627
1y28y,1,29,4.282038024866556,3.407660264115347,3.0524321524329996,2.3904687375550617,3.738557584425227,1.6669284394843065,4.584699946593523,2.2772956821415953,3.5352353292325778
1y29y,1,30,4.263400799641161,3.387778276200168,3.022186501460781,2.3688187708223927,3.732147033358555,1.6752941468900848,4.58374518007239,2.258593601045275,3.517155236912272
2y1y,2,3,3.972468315897109,3.2535551201938455,3.600404353363873,2.58687758408083,3.604555057311371,0.639109379824919,3.985606163255088,2.376236113023009,3.6687430613886276
2y2y,2,4,3.980085538033119,3.1609666541410677,3.527610709331186,2.5547965127964556,3.5184106302512523,0.6926890985495899,3.94717479731194,2.3575841709593672,3.6131585748201926
2y3y,2,5,4.027939323307242,3.1296731717648343,3.489831285057663,2.540895555231294,3.472008511256306,0.7470877278945047,3.9564052352185124,2.355912638166204,3.5846707232916253
2y4y,2,6,4.092336190583716,3.1669032310874687,3.4777631279883425,2.5438373503550955,3.455918704273062,0.8128934120783627,4.007704023886541,2.372357042067246,3.56980811419748
2y5y,2,7,4.155864339197521,3.219055287982283,3.4795331304037105,2.553842280291573,3.460765662639091,0.8889731080988559,4.063809514355711,2.4005042575845845,3.5975248283682566
2y6y,2,8,4.218992923448442,3.272431043454356,3.4865955644738498,2.568697987140002,3.4804135568951504,0.9633224620928268,4.115987064490312,2.4295362043153244,3.5987012724177605
2y7y,2,9,4.269993505524437,3.3200184266968003,3.4928992656101916,2.5859465651568088,3.5107123429974267,1.031338788363804,4.166088788375696,2.458222039810218,3.6100529485617114
2y8y,2,10,4.310170749367867,3.3636427705438017,3.4951707768214915,2.6049499951291133,3.5451291983704345,1.0981916362857596,4.211281288928145,2.484579938421753,3.6227510940456176
2y9y,2,11,4.345961525961586,3.404894873729257,3.490865907180307,2.623202973233801,3.5788740310068365,1.1607213247028463,4.254681541715937,2.506331044293077,3.6349445379350906
2y10y,2,12,4.378264128830925,3.4435497840472853,3.480757204026682,2.6392402772532417,3.610924315970941,1.2185418088912434,4.296956166766619,2.5232013873812305,3.6473389403340253
2y11y,2,13,4.406370723953462,3.4788007749699874,3.466084441681843,2.6518678378069396,3.6407420526402468,1.272580613572605,4.337378771900675,2.5351359405083715,3.6592512710163185
2y12y,2,14,4.42947851748877,3.5095865386800513,3.447755595413366,2.6597497197183078,3.667504548153624,1.3236828465898265,4.374996324463287,2.5418531764194148,3.6697969921527
2y13y,2,15,4.4467262428687855,3.5346892606116036,3.4264745019470633,2.6614625406508727,3.690214076713289,1.3726426440766675,4.408716468868569,2.542932114684727,3.677967587345217
2y14y,2,16,4.457501396486509,3.5531087540123636,3.402804620553209,2.6560298459634724,3.7081083442162566,1.4199459751504735,4.43773112043121,2.5381048974398563,3.682883241093502
2y15y,2,17,4.462292917112133,3.5650292757568716,3.3771858297800446,2.644417607356502,3.7217183286072637,1.4649747633689465,4.462642503824413,2.527999059636284,3.684430703480747
2y16y,2,18,4.461813966025885,3.5708572346137424,3.3499901707087534,2.6279912278357487,3.731817023958849,1.5068643943304474,4.484327239584351,2.5134061561645225,3.6826362167555007
2y17y,2,19,4.456729492017817,3.5709263934052755,3.3215484622109486,2.6080354841178868,3.7390975440298986,1.544774702013455,4.503586275431362,2.4950585494243565,3.677474291452073
2y18y,2,20,4.447669648850119,3.5655179752507933,3.2921617900602747,2.5857771443693567,3.744195326436516,1.577883186161701,4.5211658983700085,2.4736458955041716,3.668882049756736
2y19y,2,21,4.435254828053574,3.5550277976841778,3.262100148889128,2.5622744841477694,3.747623154953933,1.6056413560041183,4.537585410530063,2.4498724465342,3.656920611705504
2y20y,2,22,4.420149014087348,3.540430279926116,3.231580625733547,2.5380549011233473,3.7495443261245867,1.6285443154712191,4.552594247981851,2.424601272271149,3.642230966517894
2y21y,2,23,4.403016072585448,3.522817117701133,3.2007994696081523,2.513507129152976,3.7500251185567715,1.647330618040056,4.565749501689951,2.3987193993927387,3.6255760048196986
2y22y,2,24,4.38450749228513,3.50325097208463,3.169944051723973,2.4890111957771786,3.749119485769809,1.662722877534179,4.576605523677491,2.3730964763050664,3.607694428719733
2y23y,2,25,4.3652651544843435,3.482771937198454,3.139194816174222,2.464940352938052,3.7468717319879827,1.675431242935822,4.584714509410599,2.348588597604062,3.5893060520979714
2y24y,2,26,4.345823905978944,3.462229580172916,3.1086863584518345,2.4415735754157346,3.7433562366898676,1.6861135689254323,4.5898118879921075,2.325832801498915,3.570991020670742
2y25y,2,27,4.326317007438083,3.4417723247646954,3.078388328350128,2.41883192673729,3.738791214105203,1.695251140380353,4.592366969568655,2.304629195429172,3.5528215954001534
2y26y,2,28,4.306779347407804,3.4213746979700894,3.048228827813848,2.3965493533854927,3.733425370323297,1.7032791118806887,4.593021522935155,2.284575174674056,3.534743205867702
2y27y,2,29,4.287247287379737,3.4010112778781227,3.018135221158669,2.374561769535215,3.7275013209314425,1.7106298850438166,4.592406089483993,2.2652738935482257,3.5167002839227077
2y28y,2,30,4.2677584018779635,3.38065668276016,2.9880342587686677,2.35270669570566,3.7212566881657394,1.7177336018012472,4.591142004769589,2.2463332305768002,3.4986364399234575
3y1y,3,4,3.9877027601691344,3.0683781880882885,3.454817065298495,2.522715441512057,3.4322662031911406,0.7462688172742828,3.908743431368776,2.3389322288957195,3.5575740882517395
3y2y,3,5,4.055674827012311,3.06773219755033,3.4345447509045606,2.517904540806527,3.4057352382287798,0.801076901929308,3.941804771200214,2.3457509007378046,3.542634554243123
3y3y,3,6,4.132292148812588,3.1380192680520085,3.4368827195298337,2.529490605779851,3.4063732532602904,0.8708214228295119,4.015069977430361,2.371064018415331,3.5368297984670996
3y4y,3,7,4.201713345022625,3.210430329929395,3.4493153246636696,2.5455834543442566,3.424818313971023,0.9514390401673444,4.083360352130865,2.4065712937249795,3.5797202701131616
3y5y,3,8,4.2682978449587115,3.2762062281064575,3.4638338066958445,2.565062067751836,3.455585256811908,1.0281650785464085,4.142063244737353,2.4401962225737863,3.5846929146235875
3y6y,3,9,4.3195810371289936,3.331095644447293,3.474981750984579,2.5857913953361384,3.495071890611771,1.0967103564536183,4.196169225895796,2.4718863609414226,3.6002712630905576
3y7y,3,10,4.358413954149405,3.3793695777366537,3.4801374087440093,2.6075317681360106,3.536639789950301,1.163774815780168,4.243520592595722,2.5000576277644324,3.6161808129966175
3y8y,3,11,4.392648177219647,3.4238123429211855,3.477173601407362,2.627743646877921,3.5756639027187718,1.2259228178125892,4.288315964023542,2.522592910701837,3.6307197225033985
3y9y,3,12,4.423352552490239,3.4646603022532245,3.46746307632255,2.645058354272396,3.611632011377561,1.2829231898986142,4.331550611601235,2.539530862309922,3.644960704661291
3y10y,3,13,4.449760964759097,3.501325340447602,3.4526524505136407,2.658366863179549,3.6443607521731343,1.3359277369473732,4.3725560327652335,2.551025923256909,3.6583020919790874
3y11y,3,14,4.471024899451648,3.5328621221787975,3.433878435599684,2.6663744593217142,3.673227229139283,1.3859167981139109,4.410395430027668,2.556909273091816,3.669892804040343
3y12y,3,15,4.486247736783092,3.5581171056464167,3.4119803476623294,2.6676779536983757,3.697352328330116,1.433770416097647,4.443975661003026,2.556823448156537,3.6787362978415996
3y13y,3,16,4.494811633454924,3.576151341229173,3.3876046411062335,2.661349250723676,3.7160739816704784,1.4800103286370543,4.4725099632909115,2.550556342394999,3.6839709472246454
3y14y,3,17,4.497280388627491,3.5872774297256598,3.3612416495240565,2.6485276090190495,3.7300871336998283,1.5239651479078065,4.496716528150792,2.5388392701086615,3.68555124934447
3y15y,3,18,4.494437009367804,3.5920107089084032,3.3332958918650784,2.6307321374194097,3.7403011550686824,1.564714728630816,4.517575311339636,2.5225508257072904,3.6835624271132925
3y16y,3,19,4.486995815525361,3.5907620979809907,3.3041199690138905,2.609357852870203,3.747506449449807,1.6013787846502399,4.535960032442379,2.502484951699441,3.678019993331038
3y17y,3,20,4.475622668435589,3.5838687314306137,3.274029874571829,2.585712412621622,3.7524094599144666,1.633105174769748,4.552669412200298,2.479375882708947,3.6688902255430955
3y18y,3,21,4.460965189840044,3.5717762797669743,3.2433054708627527,2.560907645262599,3.755571382600743,1.6593375769029621,4.568250924267561,2.4539633539514885,3.65626380894533
3y19y,3,22,4.44371115609736,3.555528972543604,3.2121688505951083,2.5354852862308475,3.75717534027265,1.680619838399972,4.5824357261253645,2.4271468069684192,3.6408355931036445
3y20y,3,23,4.424543460419866,3.536280217576498,3.1808192254203664,2.509838606406584,3.7572986216190416,1.6977416799508136,4.594756668611694,2.399843563711226,3.623417651991253
3y21y,3,24,4.404128405446465,3.515141250746097,3.149445942122073,2.4843508915722423,3.756003506172592,1.711466377425097,4.6047483503642725,2.372946969794688,3.604787350973594
3y22y,3,25,4.383119556238309,3.4931908834259366,3.118230746301965,2.4593977515224705,3.753340671746011,1.7225367821681354,4.6119467069631215,2.347331892357746,3.5856952789483962
3y23y,3,26,4.362056757721632,3.4713023827807015,3.0873073151947894,2.4352560098216,3.7493910705758893,1.7316354901906725,4.616081702111108,2.3236413531717806,3.566740931943877
3y24y,3,27,4.341060702918956,3.4496147082884816,3.056637660641222,2.4118300243479758,3.7443843873049465,1.739257047070163,4.61764866983172,2.301645573862763,3.5479915343173
3y25y,3,28,4.320151788668232,3.4280874810811386,3.026141806791848,2.388936224157679,3.7385801828437737,1.74584590116292,4.617318137322357,2.280908737140098,3.5293832116468646
3y26y,3,29,4.299354170898299,3.406682668558288,2.9957402545353915,2.3663957766680754,3.732230023378368,1.7518422121676207,4.615744548185105,2.261006115876119,3.5108524847894036
3y27y,3,30,4.278695071729107,3.3853641480403938,2.9653538848947716,2.344033699839913,3.725578970789975,1.7576826470596298,4.613569258159014,2.241522012708422,3.492336194684007
4y1y,4,5,4.1236468938555015,3.0670862070123635,3.4142724365106134,2.513093640100979,3.3792042732664167,0.8558849865843308,3.9748661110316523,2.3525695725798745,3.52769502023451
4y2y,4,6,4.20458684313432,3.172839808033861,3.4279155466455014,2.5328781879137363,3.39342677829487,0.9330977256071333,4.0682332504611525,2.3871299131751296,3.526457653574773
4y3y,4,7,4.273050206640455,3.25778104387643,3.4474814111187286,2.553206125288317,3.422335684230984,1.0198291144650353,4.141565992384897,2.4291176486680626,3.587102330733632
4y4y,4,8,4.338446616156109,3.3281632381109976,3.466087992045181,2.575648724311776,3.4614150202170992,1.098639143864443,4.2003931980795,2.465512220993304,3.5914726212165475
4y5y,4,9,4.385956692520965,3.3836391357190916,3.479014688121794,2.5984065861009515,3.507633028095895,1.1667986642894856,4.253654384801199,2.49847718735056,3.60881069805832
4y6y,4,10,4.420199153146118,3.43120147601138,3.484357465984929,2.6216678225733347,3.5540353877434927,1.233359148864482,4.299316786133545,2.526911860909216,3.6259486004540937
4y7y,4,11,4.450497522512578,3.474588650754455,3.480367392280057,2.6427476762159006,3.596149288365576,1.2944448178894916,4.342540611545649,2.5488301509598528,3.6411690988250625
4y8y,4,12,4.477808776530378,3.5141955665238416,3.4690438277005575,2.6603512183674383,3.6340527374008627,1.3500049864766572,4.38440150913029,2.564605691486696,3.6558840317124828
4y9y,4,13,4.501100765269094,3.5494305795986363,3.4524119377597673,2.673439243364825,3.6679268131711353,1.4014453946888288,4.424090766253729,2.5745918892970394,3.669494092393237
4y10y,4,14,4.5193571133799,3.5793105155878475,3.4317845726298013,2.68074036110268,3.6973233317340974,1.449881596197875,4.460560629893557,2.5787069775114237,3.6811246756192024
4y11y,4,15,4.531570007384363,3.602638825424429,3.4080861006044945,2.6808563638971306,3.7214510669791148,1.4962705614452259,4.49263313642432,2.576631740816611,3.68975104416795
4y12y,4,16,4.537070706228741,3.61846577065758,3.382003605756879,2.6729020681579763,3.73972462987709,1.5411554545839525,4.519490507617756,2.568191685186605,3.6945040188057208
4y13y,4,17,4.536478667739673,3.627192756005457,3.3540435406183295,2.658205468058049,3.752996436046651,1.5837879425719255,4.541945227903255,2.5542167348173486,3.695395646351602
4y14y,4,18,4.530632312881997,3.6294130318241247,3.324615808048406,2.6384476156985053,3.7623036516313637,1.6231751508705694,4.561063302766125,2.5356664397652597,3.6925615941748315
4y15y,4,19,4.520282019215778,3.6255876919738377,3.29407349592825,2.615134013627412,3.7685224658670515,1.6583861158086368,4.577774472513952,2.5133884665530224,3.686049720336325
4y16y,4,20,4.506117662702244,3.616086890389509,3.262730675151411,2.58964972331597,3.7724184134596737,1.6885324471132148,4.592914786002267,2.4881536110722724,3.6758474841238056
4y17y,4,21,4.488804156291275,3.6013879322186617,3.2308636123665324,2.5631542454832186,3.7745893343307193,1.7130475039399438,4.607045482673372,2.460729890719475,3.662069086633188
4y18y,4,22,4.469044955871151,3.5825929050133434,3.198688394222698,2.536194722048558,3.7752258478882896,1.7325282284625105,4.619863075834064,2.4320476168613476,3.645461232262084
4y19y,4,23,4.447535076222536,3.5609066401811407,3.166398286479412,2.509160878243137,3.7744055910099843,1.7478191990390524,4.630862628466585,2.403049423438357,3.6268831027143853
4y20y,4,24,4.424949687710332,3.537479403878987,3.1341773859632522,2.4824326640752505,3.7721903713216647,1.7597262554326383,4.639548596314047,2.3746477068396366,3.607148014109687
4y21y,4,25,4.401948927479698,3.513420059394395,3.1022028263497496,2.4563826234277277,3.7686299321533863,1.7690257328773673,4.645432577229519,2.347731876332128,3.5870343832672846
4y22y,4,26,4.379072848519474,3.489617118903083,3.0706023265537117,2.4312805811083966,3.7638058372751955,1.7764248844141448,4.648233441690305,2.3229463133661468,3.5671576066571555
4y23y,4,27,4.356424091734167,3.4661902091667507,3.039325512612644,2.407008919253885,3.7579547431359814,1.7824304483656361,4.648470636721413,2.300024414948286,3.5475749015375415
4y24y,4,28,4.334003831522361,3.4430753682891737,3.008280337687404,2.383362090101246,3.7513432653293,1.7874949463249472,4.646842083403756,2.2784910916502796,3.528208591788328
4y25y,4,29,4.311820227327466,3.4202148477770873,2.977377182104867,2.3601429900743165,3.7442285761858574,1.7920651479633545,4.644024592857758,2.257889071355334,3.5089836206509095
4y26y,4,30,4.289887083712182,3.3975559157308592,2.9465283779561666,2.3371613251602144,3.7368602310822383,1.796583178974451,4.640677943804793,2.2377754659319873,3.4898270449314026
5y1y,5,6,4.285526792413141,3.2785934090553552,3.44155865678038,2.552662735726486,3.407649283323321,1.010310464629941,4.161600389890633,2.421690253770377,3.525220286915038
5y2y,5,7,4.347751863032931,3.353128462308456,3.4640858984227814,2.573262367881984,3.44390138971327,1.1018011784053834,4.224915933061516,2.467391686712157,3.616805985983203
5y3y,5,8,4.410046523589646,3.4151889151438763,3.4833598438900317,2.5965004190487107,3.4888186025339905,1.1795571962911469,4.275568893762111,2.503159770464447,3.612731821543893
5y4y,5,9,4.4515341421873345,3.4627773678957716,3.4952002510245883,2.619734822600945,3.53974021680327,1.2445270837157751,4.323351453243584,2.534954091043231,3.6290896175142735
5y5y,5,10,4.479509605004243,3.5040245298111796,3.49837447187979,2.6433826590678073,3.5890016106389115,1.3088539813205111,4.364206921153924,2.5617803185750843,3.645599316498014
5y6y,5,11,4.504972627288758,3.542505724711468,3.491383218241629,2.6643566822350544,3.632306790882104,1.3675381231070163,4.403819694964648,2.5815402473565143,3.6600814452568233
5y7y,5,12,4.528403331198218,3.578068332168336,3.4768683121562636,2.681388015262645,3.670459660848642,1.4205935578898474,4.442906566001524,2.5948965656162417,3.6741967476379083
5y8y,5,13,4.548282499195794,3.60972362617192,3.45717937541591,2.693482443772805,3.704017130659224,1.4696404457018923,4.480243848156488,2.6023446788866837,3.6872189764130794
5y9y,5,14,4.56332491554928,3.63622432765179,3.4337303655319347,2.6993677745473117,3.7326698937860616,1.5158812194882672,4.514526687544879,2.6038333558371525,3.698172415106392
5y10y,5,15,4.572362318737248,3.6561940872656344,3.407467467013883,2.697632636276746,3.7556757463503834,1.5603091189313156,4.544409838963587,2.5990379576402844,3.705956646561294
5y11y,5,16,4.574654689171764,3.668591185534416,3.379070075688357,2.687430107072249,3.772499207750789,1.6034527698566452,4.569001816398311,2.5877936954235796,3.7096684732212863
5y12y,5,17,4.570881315563355,3.673868301754881,3.34902446596064,2.6702981203878036,3.7841457829450054,1.644446522237557,4.589201820975888,2.571020665003805,3.7093706985280273
5y13y,5,18,4.561938883576342,3.672668941425029,3.317719144320544,2.648090229206007,3.7917728345825137,1.682197471200279,4.606155394438007,2.549750814164135,3.7052436383240877
5y14y,5,19,4.548613099598655,3.66548065518537,3.285487857315223,2.622422611736442,3.7963309081956687,1.715707625038945,4.620839355476973,2.5248755304082464,3.6973607703435976
5y15y,5,20,4.5316157139586934,3.6526869359479845,3.2526278910607975,2.594753462196969,3.7986326894725586,1.74404227781514,4.634118031000309,2.497192546971766,3.6857243150497583
5y16y,5,21,4.511626485193511,3.6347817900440544,3.219400560857527,2.566283033319609,3.7993009006472387,1.7666201612746697,4.64655669340098,2.4674899106031996,3.670467465783106
5y17y,5,22,4.489362488930896,3.612916828425166,3.1860069799704673,2.537553609221945,3.798521234630753,1.7840954779847569,4.657804073763618,2.4367227959367272,3.6523886564990002
5y18y,5,23,4.465528864131816,3.588341108690516,3.152627500366567,2.508942391473257,3.7963612197735164,1.7973710997309809,4.667306879435192,2.4058538595971615,3.632393551741045
5y19y,5,24,4.440807729492164,3.5622369405561765,3.1194355411976007,2.4808189284949487,3.792873850166677,1.8072968485299177,4.67453188501312,2.37580971390594,3.611329750629434
5y20y,5,25,4.415864029160909,3.5357367520134964,3.0865993458417056,2.453547072594065,3.788101215097735,1.8146827701920185,4.678960900539412,2.3474899915197414,3.590001351418924
5y21y,5,26,4.391235989217758,3.5097376385169263,3.0542370832224304,2.427384721156369,3.78212019746609,1.8202601176441358,4.68029855267405,2.321535681975017,3.569036777439187
5y22y,5,27,4.367004873455923,3.484331300173768,3.022282470617282,2.4021868864881073,3.7751706735845985,1.8245461511738774,4.679089024252766,2.297635998692305,3.548478532505861
5y23y,5,28,4.3431497853339645,3.459422723127296,2.9906285073037857,2.377721587927345,3.7675232215059475,1.8279997271832344,4.67605843002863,2.275270288131602,3.5282309209863207
5y24y,5,29,4.319660782888798,3.434928541142284,2.9591732131712947,2.3537700463232047,3.759437922140834,1.8310726546874805,4.671906196267179,2.2539440504709787,3.5082039790015935
5y25y,5,30,4.29653669130645,3.4107747040795977,2.9278186156139885,2.3301240325625834,3.751166469394871,1.8342111066700557,4.6673104171157185,2.2331837016660723,3.4883123259192774
6y1y,6,7,4.409976933652726,3.427663515561551,3.4866131400651765,2.5938620000374812,3.480153496103204,1.1932918921808409,4.288231476232382,2.5130931196539206,3.7083916850513563
6y2y,6,8,4.472306389177895,3.4834866681881356,3.5042604374448625,2.618419260709811,3.529403262139324,1.264180562121745,4.332553145697853,2.543894528811482,3.6564875888583184
6y3y,6,9,4.506869925445401,3.5241720208425753,3.5130807824393226,2.642092184892424,3.583770527963249,1.32259929007772,4.377268474361235,2.5727087034675145,3.66371272771402
6y4y,6,10,4.528005308152021,3.5603823100001373,3.5125784256546417,2.6660626399031324,3.634339692467805,1.3834898604931545,4.4148585539697445,2.59680283477626,3.6756940738937565
6y5y,6,11,4.548861794263883,3.5952881878426894,3.501348130533878,2.6866954715367646,3.677238292393857,1.4389836548024346,4.452263555979452,2.6135102460737403,3.6870536769251783
6y6y,6,12,4.568882754329063,3.627980819353834,3.4827532547189106,2.70284222851867,3.714261390436193,1.4889740734331636,4.489790928686672,2.62376428425722,3.699026157758386
6y7y,6,13,4.585819028736174,3.6570279429028565,3.4594109066495573,2.7135995449222796,3.746355394564353,1.5352590144264577,4.525764342194465,2.6281524539032994,3.7103616463413704
6y8y,6,14,4.598049680941297,3.680928192476343,3.4327518291258774,2.717705904399915,3.7732974700939046,1.5790775638455594,4.558642474751658,2.626601243595499,3.71979143113031
6y9y,6,15,4.60423293277326,3.6981497181778873,3.4036795570398284,2.713740403004552,3.79434535335339,1.6214200805203578,4.586944222193915,2.618743258070273,3.726038464299766
6y10y,6,16,4.603567478847626,3.7075909631823216,3.3728212175791557,2.7009068442068243,3.808984200193534,1.6627670003793178,4.609741959049076,2.6044040395888994,3.72811329185191
6y11y,6,17,4.596822635849737,3.7098023829093822,3.340612266795209,2.6809922462661047,3.818372737456065,1.7020952547473405,4.628074678347274,2.5845961569341163,3.7261116450382983
6y12y,6,18,4.584973224506609,3.705508569122501,3.30739918494889,2.656042520329299,3.8237831305207797,1.7381880550811424,4.643201644816954,2.560422527530281,3.7202455842748408
6y13y,6,19,4.5688505078436945,3.695241212579986,3.273482411202519,2.6277887560449,3.8262294947243105,1.7699689450704068,4.656165429752844,2.53281285938039,3.7106023459919486
6y14y,6,20,4.54919349406909,3.6794079021546016,3.2391328363665415,2.597759942659146,3.8265600756260745,1.7964516930426548,4.667869291079571,2.502585567914722,3.6971888884879527
6y15y,6,21,4.526699798045535,3.6585276821099675,3.2045900211293374,2.5671910531591493,3.8254110084688326,1.817040807717652,4.678887113635001,2.4705432210587204,3.6801506110409763
6y16y,6,22,4.502102219963256,3.6338120421357782,3.1700350001698476,2.5366092888154097,3.8229507315874676,1.8324570413194328,4.688816804005678,2.4376623298221243,3.6603366795979984
6y17y,6,23,4.476117221291738,3.606561561610231,3.135631549989284,2.506370606517184,3.8192266277999978,1.8436687841486898,4.697054319996636,2.4049223069987367,3.638697861436692
6y18y,6,24,4.449434448218777,3.5779949145284444,3.1015398125541127,2.476827605870974,3.8142752149913077,1.8515738698576942,4.703028079186591,2.3732607950245814,3.6161136097246778
6y19y,6,25,4.422723883726581,3.5492706121691877,3.0679172768449328,2.4483304587449894,3.808125000980598,1.8570181546952864,4.706190401099873,2.3435847145591806,3.5934108811296537
6y20y,6,26,4.396521449057989,3.521294849990005,3.034871004544533,2.4211208204278627,3.8008437431732283,1.8607576002948454,4.706233460813221,2.3165279533852483,3.571227601965395
6y21y,6,27,4.370884782077008,3.494128342607978,3.0023169379428483,2.3950213698577074,3.792671692168468,1.8633192791045412,4.703731340174772,2.2917286532123966,3.5495860680101856
6y22y,6,28,4.345769012284911,3.4676422374032927,2.970131682327577,2.369769717572838,3.7838811277869757,1.8651674209356575,4.699442886398539,2.268614835148021,3.5283677679895606
6y23y,6,29,4.321144869431218,3.4417257207982375,2.9381999330143778,2.3451225380882796,3.774733080350291,1.866757967298678,4.694093405240072,2.246650737284048,3.5074641395270953
6y24y,6,30,4.296995437093671,3.416282258038942,2.9064127805653888,2.3208515865974206,3.765479685481185,1.8685403000883942,4.688381668250096,2.2253292619950593,3.486774494211121
7y1y,7,8,4.534635844703056,3.5393098208147054,3.5219077348245302,2.6429765213821588,3.5786530281754345,1.3350692320626663,4.376874815163312,2.5746959379690217,3.6045834926652796
7y2y,7,9,4.555316421341729,3.572426273483093,3.5263146036263966,2.6662072773199057,3.635579043893269,1.3872529890261642,4.421786973425659,2.602516495374311,3.6413732490453508
7y3y,7,10,4.567348099651783,3.6046219081463318,3.521233520851129,2.690129519858355,3.6857350912560003,1.446889183263931,4.457067579882202,2.6247060731503717,3.664794870174555
7y4y,7,11,4.58358300941667,3.6371943559129725,3.5050318781510525,2.7099038394115897,3.726509491466519,1.5004065954578334,4.493271575916218,2.638614527678696,3.6817191748936335
7y5y,7,12,4.600663918464329,3.6680442801122886,3.4819812776496537,2.7246382742149087,3.761082969302791,1.5481105096836298,4.53010281917753,2.645898517177877,3.697153052299794
7y6y,7,13,4.615126044583414,3.6952553474597414,3.4548772010802886,2.73355580240308,3.790722377641209,1.5922535348007276,4.565353153188145,2.6473290096115267,3.7106899732230385
7y7y,7,14,4.624917216268236,3.7171088606070275,3.4250573561345496,2.7353978907374064,3.815175180664003,1.6341898026548058,4.597272617397268,2.6428166898728653,3.721419966284445
7y8y,7,15,4.628514932663327,3.731960493504929,3.393312859161658,2.7287252033754372,3.8336193355096637,1.6749361040627988,4.624283315439107,2.631949525372316,3.728244311705818
7y9y,7,16,4.625077539424836,3.7386940129179624,3.3601776706362636,2.712800715781196,3.8455209450924586,1.7149309012902594,4.645465346028709,2.614549697359452,3.7303045814964158
7y10y,7,17,4.615507206069438,3.738016269644166,3.326012179468211,2.6897052708889673,3.85219466159135,1.7529755910039917,4.662058998558763,2.591746460662133,3.727883641036992
7y11y,7,18,4.600881978220597,3.730767210355315,3.2911070072110458,2.6616952949012838,3.8550221881951034,1.78772406989026,4.675471660142824,2.5647252009735864,3.7213232114769763
7y12y,7,19,4.582089972359608,3.7175393539981894,3.25572151713063,2.6306159857121854,3.855069161276069,1.8180253661445374,4.6868265925462165,2.5344561710242615,3.710786567736997
7y13y,7,20,4.559902460254964,3.6987728549694503,3.2200958899281846,2.5980597843992737,3.853206735589372,1.8428486008012561,4.697072199913969,2.501777294704014,3.696327134906152
7y14y,7,21,4.535037145502164,3.675017979720569,3.1844455126339195,2.565285985524983,3.850072259352092,1.861594301684568,4.706791087735189,2.467503942587635,3.678133391468806
7y15y,7,22,4.508243905717291,3.647555277240728,3.1489297908434923,2.5327924414006056,3.845803880619751,1.8750680512620057,4.715522492523897,2.4326336105000035,3.657133012567774
7y16y,7,23,4.480250989269176,3.6177426894882734,3.11369520060954,2.5009023944221656,3.8404186985310464,1.8843173398966806,4.722605747731902,2.3981616312077874,3.634341997460775
7y17y,7,24,4.451755478487367,3.5868379379970854,3.07888844034758,2.469943229743533,3.833929433749432,1.8902963391328034,4.727427879360368,2.3650353641640316,3.610685487646638
7y18y,7,25,4.423432047619573,3.5560265619807234,3.04465639555492,2.4402453731176297,3.826345640140453,1.8938918359460897,4.72941034137029,2.3341675809428053,3.5870230586895597
7y19y,7,26,4.395813265658266,3.5262228149599237,3.011095102675025,2.412029179395778,3.8177221772295447,1.8958873744061098,4.728233565264844,2.3061824183184756,3.5640084396977127
7y20y,7,27,4.368930174498223,3.497451583960299,2.978102127836732,2.38507933834872,3.8082976019717316,1.8968206484507268,4.724506333371891,2.2806604298903195,3.541645787158128
7y21y,7,28,4.3427114922197765,3.469545986062423,2.9455373271972145,2.359098656503093,3.7983443483433446,1.8971614937335062,4.719024382120737,2.256973012076311,3.5197952005104276
7y22y,7,29,4.317107048330239,3.442364911945359,2.9132720599666135,2.3338161989087705,3.788123061452431,1.8973700616222162,4.712541674740422,2.2345397199035983,3.4983310692759937
7y23y,7,30,4.2920831981128424,3.4157874207553505,2.8811866779784414,2.3089815686217663,3.7778851719758797,1.897898926519158,4.705779502685648,2.212817789922934,3.477138964174589
8y1y,8,9,4.575996997980391,3.6055427261514748,3.5307214724282563,2.6894380332576495,3.692505059611093,1.4394367459896633,4.466699131688001,2.6303370527795895,3.678163005425409
8y2y,8,10,4.583704227126139,3.6372779518121403,3.520896413864423,2.713706019096452,3.739276122796288,1.5027991588645624,4.497163962241645,2.649711140741036,3.6949005589291843
8y3y,8,11,4.599898730987874,3.66982253427906,3.4994065925932247,2.7322129454214,3.7757949792302092,1.5555190499228886,4.532070496167187,2.659920724248579,3.7074310689697487
8y4y,8,12,4.617170936904646,3.7002278949366856,3.471999663355932,2.745053712423095,3.8066904545846283,1.6013708290888724,4.568409820181082,2.6636991619800914,3.7202954422084176
8y5y,8,13,4.6312240845594825,3.7264444527887473,3.441471094331436,2.751671658607263,3.833136247534361,1.6436903953483395,4.603048820793112,2.661855623940026,3.731911269334589
8y6y,8,14,4.639964111529097,3.746742033905748,3.408915626352882,2.750801452296613,3.8545955394120957,1.6840432310868292,4.6340055844362595,2.654170148523505,3.7408927118876396
8y7y,8,15,4.641926230943364,3.759482018174961,3.3749421626383906,2.7409750150887624,3.8700430937002666,1.7234885143485301,4.659627386907076,2.6401286092870717,3.745910142997323
8y8y,8,16,4.636382751265058,3.763617036930869,3.339961412612729,2.7215287400810753,3.8788794347070867,1.7624136099437095,4.679039162386884,2.619531417283254,3.7460197176003076
8y9y,8,17,4.6244929128879235,3.76009476395855,3.3042460066508426,2.694897354167503,3.882588176415342,1.7994096308863612,4.693746130047146,2.593640963183591,3.741583657522738
8y10y,8,18,4.607506591572352,3.749912949309376,3.268026934449696,2.663567172253197,3.8826591041970686,1.8329895536730194,4.705331344640775,2.5637281272740413,3.7329971833581457
8y11y,8,19,4.586403983964749,3.733742038833051,3.2315227700675484,2.629492300651278,3.8801979006488527,1.86193046924289,4.715004026853753,2.5307980103929197,3.720441392743517
8y12y,8,20,4.562008011550955,3.7120614411490123,3.194944902853488,2.594316722984034,3.8760862112071996,1.8851635481961386,4.723755315309858,2.495700741098595,3.7039724384262245
8y13y,8,21,4.535068014794403,3.6854570688671733,3.158486880157718,2.5593097904590465,3.870950661750295,1.9020962301170217,4.73216926254841,2.459258404481373,3.683791075992154
8y14y,8,22,4.506358767218306,3.655287095556871,3.12228850913056,2.524922149973352,3.864886084365773,1.9136393954905306,4.739711612335369,2.422486301395074,3.660886549703666
8y15y,8,23,4.47662533224025,3.622971547399844,3.0864810316618736,2.4914307859581664,3.8578697432214204,1.9209338804189482,4.745654476569807,2.3863926774237045,3.636325897780475
8y16y,8,24,4.446575455598887,3.589808445320984,3.0511997344427697,2.459128649016119,3.8498842090978056,1.9249980333246874,4.749337445872684,2.3519315783012193,3.611066862332972
8y17y,8,25,4.416890647791133,3.5570098996963706,3.0165827873625894,2.4283200114550105,3.840915793785454,1.9267637538215852,4.750147725264817,2.3200188540589104,3.585990091985105
8y18y,8,26,4.388100900155776,3.5254957590791025,2.982716623111163,2.399198771507646,3.831003796621439,1.9270439378696345,4.747753495826039,2.2912650005601116,3.561754270088403
8y19y,8,27,4.36020882343481,3.495248518862698,2.949480780100531,2.3715058023995916,3.820384158487325,1.926386512471151,4.742802729067081,2.2651848768335454,3.538333276341961
8y20y,8,28,4.333115274595611,3.4660577943248096,2.9167188068158483,2.34490476325914,3.809328914351741,1.925266106817048,4.736131860468608,2.241086865781675,3.515555785902684
8y21y,8,29,4.306748534217249,3.4377484877134856,2.884289408782903,2.3190942787909905,3.7980978249418116,1.9241462916012426,4.728525810910759,2.2183418047576264,3.493271430066979
8y22y,8,30,4.281058077813288,3.410172766207198,2.852062993576346,2.293799979859931,3.7869411785122633,1.9234820944489985,4.720729715754846,2.1963687831935665,3.4713460310613744
9y1y,9,10,4.591411456271887,3.6690131774728156,3.5110713553005937,2.7379740049352415,3.7860471859814733,1.566161571739454,4.527628792795269,2.6690852287024978,3.7116381124329525
9y2y,9,11,4.61184959749161,3.7019624383428567,3.4837491526757094,2.753600401503268,3.8174399390397706,1.6135602018894954,4.5647561784067765,2.6747125599830825,3.7220651007419105
9y3y,9,12,4.630895583212729,3.73178961786509,3.452425726998497,2.763592272144911,3.844752252909141,1.655348856788607,4.602313383012107,2.6748198650469233,3.7343395878027548
9y4y,9,13,4.645030856204255,3.7566698844480664,3.419158499807231,2.767230064944666,3.8682940445151797,1.6947538076880078,4.6371362430693885,2.6697352667301386,3.745348335311881
9y5y,9,14,4.652757534238838,3.774981895456605,3.384554457137811,2.7630741361044078,3.887013635372296,1.7329645281062602,4.667466874985911,2.6589367676722886,3.7534386531800834
9y6y,9,15,4.652914436437192,3.7851385668455437,3.348978944340079,2.7495645120606147,3.8996327660484615,1.770830475741676,4.691782096110254,2.641760535371654,3.7572013325926403
9y7y,9,16,4.64500928744858,3.7861990813279283,3.3127099754962246,2.7261131267701364,3.905504345435086,1.8085531619371427,4.709373452486725,2.6179877550694934,3.755713533625292
9y8y,9,17,4.630554902251366,3.7794137686844356,3.275936573428665,2.6955797692812333,3.9063485660158714,1.8444062414984475,4.722127004842039,2.589053951984092,3.7495112390349035
9y9y,9,18,4.611007657527012,3.7659540852158093,3.2388386524520785,2.6606926321415902,3.90378733137329,1.8767176434156148,4.731846034968861,2.5563271355512036,3.7390898697951163
9y10y,9,19,4.587444682563184,3.7465619701012103,3.201602899831477,2.6234977273906424,3.898967184752629,1.9041798415682125,4.739834516370327,2.520844106154252,3.7246692314753265
9y11y,9,20,4.560736285511915,3.721744960694244,3.1644197601648743,2.585669331140977,3.892775406806845,1.9256841665785451,4.74712405927548,2.483461076400323,3.7063187505172075
9y12y,9,21,4.531657266195569,3.692116597426815,3.1274673308018404,2.548465770225829,3.8858211285952295,1.9406511871276337,4.754291773453445,2.4450018504565225,3.6842600818727167
9y13y,9,22,4.501001980236607,3.6591135855111325,3.090870588876892,2.5122670820284068,3.8781461631930565,1.950116522375211,4.760712572385165,2.406497782057803,3.6595575915712235
9y14y,9,23,4.469527356115954,3.6242164632033003,3.0547495716071325,2.4772874111510603,3.8696815063364434,1.9553265328781821,4.765579858347079,2.368968079183999,3.633337532948693
9y15y,9,24,4.4379473527734525,3.588759493265618,3.0192316185770713,2.4437746900666824,3.86037615239692,1.9573687858136881,4.768180000151663,2.333371213335995,3.606593786126809
9y16y,9,25,4.406946500904304,3.553976598042927,2.9844491195459852,2.4120001350923452,3.850191464671351,1.9572216918110792,4.7678632623633685,2.300623966638868,3.5802292848950854
9y17y,9,26,4.3770481885190335,3.5207871139571982,2.9504810437395697,2.382125873757645,3.8391507811514596,1.9557267138625738,4.764286105481219,2.271319585723672,3.554906697421519
9y18y,9,27,4.34822059151561,3.489121062902211,2.917189630526769,2.3538429006852555,3.8274885528693376,1.9534392772756777,4.758141817810361,2.244898644836543,3.530564958059547
9y19y,9,28,4.320332025996413,3.4587164821234064,2.8844028770467744,2.326771433259218,3.815477538285459,1.9508360731763832,4.75031253040443,2.2206000138344164,3.5069975111909626
9y20y,9,29,4.29328611102909,3.429358775791587,2.851967805600636,2.300577091067657,3.803377463208347,1.9483817688818212,4.741617144871897,2.197742042356528,3.4840268512990575
9y21y,9,30,4.267013367329139,3.40086943478128,2.819745923154826,2.2749600725552774,3.791438136555176,1.946531872947061,4.73282641023422,2.1757036274989936,3.461497603710707
10y1y,10,11,4.632287738711327,3.734911699212889,3.456426950050822,2.7692267980713003,3.848832692098061,1.6609588320395434,4.6018835640182765,2.680339891263667,3.7324920890508704
10y2y,10,12,4.6506376466831565,3.763177838061228,3.423102912847441,2.7764014057497484,3.8741047863729685,1.6999424993131858,4.63965567812052,2.67768718321914,3.7456903254876517
10y3y,10,13,4.662903989515047,3.785888786773147,3.388520881309444,2.776982084947806,3.895709664026412,1.7376178863375231,4.673638726494093,2.6699519460726875,3.7565850762715227
10y4y,10,14,4.668094053730574,3.801474074952548,3.352925232597114,2.7693491688966936,3.912255247720005,1.774665267197964,4.702426395533572,2.65639965241474,3.7638887883668657
10y5y,10,15,4.665215032470253,3.808363644720088,3.316560462147975,2.751882613485688,3.9223498820618583,1.8117642565421164,4.724612756773252,2.6362955967054855,3.7663139766245752
10y6y,10,16,4.6539422593113615,3.8057300653037784,3.279649745528832,2.724136313742618,3.925413872010685,1.8489517603034231,4.739664229101965,2.609471509463992,3.763059437157347
10y7y,10,17,4.6361468231055785,3.795185281714666,3.242345890304104,2.6895234499020892,3.923534477449357,1.8841554800354483,4.749912463705862,2.5776209124528897,3.754921685692323
10y8y,10,18,4.613457182683903,3.7780716986836826,3.204809564596014,2.6510324605423827,3.9185048495472654,1.9155371523751346,4.757373190240558,2.5422323739072925,3.7425213394653842
10y9y,10,19,4.5870039299288825,3.755178502615475,3.167217515890466,2.6107781409967954,3.911513851282758,1.9417374271047407,4.7634129301008885,2.504372870315559,3.7261171335911447
10y10y,10,20,4.557668768435919,3.727018139016386,3.129754600651302,2.57043886376155,3.903448228889382,1.9616364260624544,4.7690735859235005,2.464898661170108,3.7057868143256325
10y11y,10,21,4.526225067097723,3.694216908331724,3.09259423766559,2.5312377488886098,3.894891487014661,1.9746956976174683,4.774897498967822,2.4246306342523427,3.6817711700036018
10y12y,10,22,4.493467857233668,3.658288619514326,3.055853858341583,2.493458171786169,3.885821077960689,1.9821127682615254,4.780136220684322,2.3846154948374125,3.655217548166078
10y13y,10,23,4.460151656103959,3.620770562105644,3.0196478959384048,2.4572345962445836,3.8761149155945187,1.9852622991196227,4.783883786466448,2.3458821446056524,3.6273144114499036
10y14y,10,24,4.426985631094993,3.5830270872508176,2.984100208811105,2.4227604532903575,3.865685364283738,1.9853121582475626,4.7853622292485465,2.3093916408098165,3.5990906199620842
10y15y,10,25,4.394648837213132,3.5463074927476015,2.949340970495678,2.3902685437694853,3.854467749917343,1.983292366482521,4.783878893667907,2.276059882501293,3.571468696392561
10y16y,10,26,4.3636504842844825,3.511522984987472,2.915444149267006,2.3598853655590455,3.842469755849584,1.9800745352452687,4.77907718752409,2.2464592330374957,3.5451109839833044
10y17y,10,27,4.333915246529947,3.4785391738098226,2.882255411422426,2.3312469533764317,3.8299262803333303,1.9762203187778087,4.771701407517131,2.219946492844429,3.5199135960375805
10y18y,10,28,4.305272057647776,3.4470333323817712,2.8495879615882282,2.303926845943883,3.817112557857902,1.9722068788117684,4.762683849160493,2.195684168563968,3.495628588899739
10y19y,10,29,4.277595303384733,3.416745386229416,2.817278145090111,2.2775562008641,3.8042895830623933,1.9684986213629982,4.752879689718036,2.1729345062330556,3.472047311239378
10y20y,10,30,4.250793462882002,3.3874622476467033,2.785179651547538,2.251809375936278,3.7917076840838613,1.965550388007442,4.743086291106167,2.151034547438819,3.4489905782745938
11y1y,11,12,4.668987554654986,3.791443976909558,3.38977887564406,2.783576013428191,3.8993768806478744,1.738926166586833,4.67742779222277,2.675034475174603,3.758888561924436
11y2y,11,13,4.678212114916902,3.81137733055327,3.3545678469387545,2.780859728386064,3.9191481499905887,1.7759474134865127,4.709516307732004,2.664757973477199,3.7686315698818507
11y3y,11,14,4.6800294920703225,3.8236615335324347,3.3184246601125422,2.76938995917183,3.9333960995939825,1.8125674122507687,4.735940672705334,2.6484195727984288,3.774354354805529
11y4y,11,15,4.673446855909984,3.826726631096885,3.281593840172264,2.7475465673392847,3.9407291795528043,1.8494656126677624,4.755295054961993,2.625284523065941,3.774769448518003
11y5y,11,16,4.658273163431371,3.8198937385219525,3.24429430462443,2.715118216876882,3.9407301079932116,1.8865503459561999,4.767220362118704,2.5952978331040573,3.769172906778642
11y6y,11,17,4.636790003837951,3.805230878798296,3.206665713679651,2.6762395585405554,3.9359847750079036,1.9213549213680996,4.7745839469871285,2.560501082651095,3.7586599517992334
11y7y,11,18,4.6107671032514155,3.784237412893797,3.168864223816755,2.634147555181111,3.9284580148971506,1.9519054838516485,4.779585993986601,2.522502728570666,3.7439540895245997
11y8y,11,19,4.581343453831076,3.7577118530407976,3.131066336620419,2.590972058862484,3.919348996180842,1.9768347514878917,4.783604100861217,2.482376992697046,3.725320264158679
11y9y,11,20,4.54937777173865,3.7261410767723295,3.0934576729402434,2.5483513155049113,3.909516621866195,1.995045047620557,4.787650255024081,2.4409607467152674,3.702819561578383
11y10y,11,21,4.5156187999363615,3.6901474292436065,3.0562109664270665,2.5074388439703426,3.8994973665063193,2.006069384175261,4.792198892462777,2.3990597085512113,3.6766990780988764
11y11y,11,22,4.480847868008424,3.6513228849962727,3.0194381227316525,2.4683882966693402,3.8891836584936543,2.0113085806453412,4.796341007653964,2.3577314587986615,3.6481925899038252
11y12y,11,23,4.445806982553345,3.6112588006800403,2.983249641429035,2.4312352460923576,3.8783884342192216,2.0122875880429643,4.799050471670464,2.318010665717485,3.618549604983156
11y13y,11,24,4.411193161278352,3.571343655561428,2.9477673825618953,2.3961091959995153,3.8669817236826347,2.010262414109718,4.799475972727799,2.280857160005674,3.588828968493716
11y14y,11,25,4.377674629963259,3.5328357637143664,2.913120543384596,2.3632000970336415,3.8548702540472912,2.0063161903713054,4.796878560071454,2.247182739018266,3.559967025488396
11y15y,11,26,4.345741333989358,3.4966304040391103,2.879378629214751,2.3325959367248954,3.842045560099685,2.0013489154589834,4.7908900957578116,2.217533855822418,3.532618910312134
11y16y,11,27,4.31526696576861,3.46251589097213,2.8463696902581512,2.303873213083003,3.828744629598033,1.9959241616989503,4.78231502273581,2.191171905443226,3.5066274402242503
11y17y,11,28,4.286035841114625,3.4300993108034703,2.8138915505021935,2.2765562605246235,3.81524666760848,1.990515587445429,4.772142689462977,2.1671750084051618,3.4816954418320263
11y18y,11,29,4.25789016808881,3.399069479952556,2.7817698781478493,2.250241167685922,3.801814965893745,1.9855841652143011,4.761268363368022,2.1447453181758,3.4575781569165174
11y19y,11,30,4.230714816785722,3.3691754344063773,2.7498508463631546,2.2245768800344354,3.7887011047146926,1.9815815225320679,4.750518013584476,2.1231763714480376,3.4340694461284746
12y1y,12,13,4.68743667517882,3.8313106841969953,3.319356818233455,2.7781434433439283,3.938919419333295,1.8129686603862187,4.741604823241228,2.6544814717797727,3.7783745778392683
12y2y,12,14,4.685550460777992,3.8397703118438744,3.28274755234678,2.7622969320436503,3.9504057090670375,1.8493880350827467,4.765197112946615,2.63511212161034,3.78208725124608
12y3y,12,15,4.674933289661654,3.8384875158259946,3.245532161681665,2.7355367519763174,3.9545132791877817,1.8863120946947431,4.781250809208401,2.6087012056963856,3.7800630773825263
12y4y,12,16,4.65559456562547,3.827006178925056,3.2079231618695228,2.698003767739052,3.951068414829542,1.9234563907985465,4.7896685045926874,2.5753636725864184,3.7717439929921945
12y5y,12,17,4.630350493674546,3.8079882591760414,3.1700430812867655,2.654772267563027,3.943306353879911,1.9578406723243518,4.7940151779399995,2.537594404146392,3.758614229774194
12y6y,12,18,4.6010636946841545,3.7830363188911713,3.1320451151788706,2.6092428121399296,3.933304870605362,1.9874020367291172,4.796612360947239,2.4970807708033447,3.7414650107912943
12y7y,12,19,4.568822867999091,3.7528929782024036,3.0941074024741835,2.5634572082102403,3.9222021555426942,2.010821692188043,4.798772144952423,2.4548544952002507,3.720524793049287
12y8y,12,20,4.53442654887411,3.717978214255177,3.0564175226022665,2.518948228264501,3.9107840895184856,2.027059907749773,4.801428062874245,2.411701530657848,3.6958109365351275
12y9y,12,21,4.49857782718985,3.678892257280723,3.019147865402955,2.476756936252803,3.8995107538239253,2.0357519639073103,4.804951236933889,2.3683958455930547,3.66756691322937
12y10y,12,22,4.462033899343771,3.637310775804946,2.9824040474404105,2.436869524993454,3.888164336278231,2.038546822051193,4.808232329197083,2.326001157161068,3.637122992701764
12y11y,12,23,4.425517839635014,3.594878330113721,2.9462924383185785,2.3992042672436455,3.8764803936348,2.037138626357157,4.8101070788929805,2.285553955766837,3.6057915179884943
12y12y,12,24,4.389710295163632,3.5530019621157503,2.9109330914717146,2.3638202945471254,3.864282127268866,2.0328737680699582,4.809646654436551,2.2480090504082626,3.5746573357078226
12y13y,12,25,4.355265943448512,3.5129428242378142,2.8764545178261756,2.330863488080214,3.8514466673857086,2.026884653739343,4.806067080675198,2.2142710670062407,3.544665368839469
12y14y,12,26,4.3226523182275285,3.4755722916912215,2.8429214687555144,2.3003830741032303,3.8379504657748145,2.020093397521281,4.798994546010314,2.1848552401544037,3.516456792339826
12y15y,12,27,4.291685593176186,3.4405873519096346,2.8101424112324236,2.271893026393324,3.8240358128613776,2.013057361373092,4.789307504770013,2.158914400794467,3.489810032110905
12y16y,12,28,4.262101359018352,3.4075152691718404,2.7778985926808266,2.244867525968151,3.8099885292935185,2.0062399262490915,4.778062370540489,2.135433791732072,3.464370871826251
12y17y,12,29,4.233707968879036,3.37598862719038,2.746004643001013,2.2188685297010826,3.796076029731737,2.000093459251212,4.766200161670684,2.1135518383523406,3.4398540154454635
12y18y,12,30,4.206366331348541,3.345716070933978,2.714299289180882,2.1935213726236706,3.782552450496182,1.9950623756401369,4.754578581437905,2.0925175879076727,3.416023939695365
13y1y,13,14,4.683664246377172,3.848229939490757,3.2461382864601247,2.74645042074336,3.9618919988007657,1.8858074097792756,4.788789402651997,2.6157427714409054,3.7857999246528924
13y2y,13,15,4.668681596903069,3.8420759316404935,3.208619833405775,2.714233406292512,3.9623102091150253,1.9229838118490061,4.801073802191983,2.5858110726546837,3.7809073271541553
13y3y,13,16,4.644980529107681,3.825571343834408,3.1707786097482127,2.6712905425374305,3.955118079994956,1.9602856342693222,4.805689731709839,2.548991072855299,3.7695337980431716
13y4y,13,17,4.6160789482984725,3.8021576529208025,3.132714647050098,2.6239294736178014,3.9444030875165623,1.9940586753088876,4.807117766614691,2.508372637238043,3.753674142757921
13y5y,13,18,4.5837890985852185,3.7733814458300032,3.0945827745679564,2.5754626858991285,3.932181960859778,2.0222887119976987,4.807613868488439,2.465600630608055,3.7340830973817027
13y6y,13,19,4.549053900135804,3.7398233605366387,3.056565833180973,2.5276761690212908,3.919415944910927,2.043797197488347,4.808300031904287,2.4215833324369958,3.710883162250954
13y7y,13,20,4.512567959402007,3.7017878614063435,3.018854766083526,2.481920340396013,3.9067647566877963,2.0576443716588533,4.809974239964677,2.3770186819261454,3.6840161306345367
13y8y,13,21,4.474970471191226,3.6598399539161885,2.981621746299145,2.439083622866412,3.894584670635254,2.063599876847447,4.8128695386454705,2.332635142319714,3.653715955153132
13y9y,13,22,4.436989146473208,3.61575523042805,2.9449648506856283,2.39895020073229,3.882524882605446,2.0636110622361916,4.815635385414399,2.2895033444256545,3.6214283721309313
13y10y,13,23,4.399325956080633,3.5712350947053926,2.9089860003270913,2.361310349633617,3.87023649106495,2.059555622954253,4.816957304458155,2.2486612041655434,3.588533212003417
13y11y,13,24,4.362644260616797,3.5277011691992723,2.8738036617661025,2.326154553747416,3.857496918899371,2.0528651414957535,4.815832275454308,2.211057012101761,3.5561375864231457
13y12y,13,25,4.327585049137652,3.4864121692412144,2.8395459927922353,2.2935901584749048,3.844157271390075,2.044710986518771,4.811438935461362,2.1775868666084457,3.52518960142282
13y13y,13,26,4.294591983077429,3.4482077999600085,2.8062725957187498,2.2636322764693304,3.8301836231933923,2.0360260696085932,4.803409140069474,2.1487301454139907,3.496309270378331
13y14y,13,27,4.263417658747426,3.412678542460538,2.7737699535894937,2.235732282325423,3.8158298409705265,2.0273494114435837,4.792714839164925,2.1235167528669447,3.4691982788445936
13y15y,13,28,4.233745671274321,3.379262241503496,2.7418013776439856,2.209315798143099,3.8013931366241995,2.019124677306617,4.780492873693773,2.1008306130622234,3.4434372914253824
13y16y,13,29,4.205349924735299,3.347530998627466,2.7101701320489857,2.183913847598405,3.78714831788164,2.0117887591802748,4.767737370322524,2.0797437362631253,3.4186964802958513
13y17y,13,30,4.1780680758291115,3.3171516819185065,2.6787076698248486,2.1591318390518905,3.773354393505764,2.005773770655074,4.755341743684768,2.059460888856372,3.3947091962751363
14y1y,14,15,4.65369894742897,3.8359219237902433,3.17110138035143,2.682016391841663,3.962728419429276,1.9601602139187464,4.813358201731975,2.5558793738684664,3.7760147296554156
14y2y,14,16,4.625638670472934,3.814242046006238,3.133098771392269,2.63371060343446,3.9517311205920564,1.9975247465143433,4.814139896238758,2.515615223562504,3.7614007347383063
14y3y,14,17,4.59355051560558,3.786800224064156,3.094906767246758,2.5830891579092796,3.938573450421827,2.030142430485426,4.81322722126892,2.4725825925037634,3.7429655487929376
14y4y,14,18,4.558820311637234,3.7546693224148173,3.056693896594913,2.532715752188071,3.924754451374529,2.056409037552305,4.812319984947546,2.4280650953998473,3.721153890563903
14y5y,14,19,4.522131830887531,3.718142044745816,3.018651342525145,2.483921318676878,3.91092073413296,2.0753951550301633,4.812202157754743,2.3827514446362152,3.695899809770567
14y6y,14,20,4.484051911572813,3.6773808483922763,2.9809741793540923,2.4378319936714536,3.8975768830023036,2.086283865305449,4.813505046183454,2.3372313336736865,3.667052164964809
14y7y,14,21,4.445157074736094,3.6329270988341102,2.94383366913329,2.3951740803125605,3.8849693380401793,2.088998800714329,4.81630955807311,2.292191195302404,3.634846816653166
14y8y,14,22,4.406154758985213,3.5866958917952134,2.907318171213817,2.3555126732309057,3.87260399308103,2.0858365187933052,4.818991133259699,2.248723416048749,3.6008819280656863
14y9y,14,23,4.367732812714352,3.5404578897292427,2.8715246352011996,2.318517008399201,3.86005254576097,2.078860979973695,4.8200870713255055,2.2078743633571714,3.5666146883756986
14y10y,14,24,4.330542262040761,3.4956482921701255,2.836570199296701,2.2841249670478216,3.847057410909231,2.069570914667402,4.818536562734537,2.170588436167848,3.533171352600172
14y11y,14,25,4.29521421302497,3.4535196446730745,2.8025830570042465,2.2524210437232273,3.83345411435274,2.059156766222361,4.813497983898576,2.137754511623676,3.5014977538564502
14y12y,14,26,4.262169294469118,3.41487262166578,2.769617121490303,2.223397431113161,3.8192079252261113,2.0485442912610363,4.80462745152093,2.1098124265784146,3.4721850491887842
14y13y,14,27,4.231090998160524,3.3791745888428286,2.7374339279840614,2.196446271677889,3.8045942903682004,2.0382372577254535,4.7930167958197645,2.085653212976641,3.44484430609011
14y14y,14,28,4.201608630195547,3.3457645487901213,2.7057773127285474,2.170949039385937,3.7899289321830163,2.0286473392728555,4.779900264482471,2.064051173178033,3.4189828176234185
14y15y,14,29,4.173462303292508,3.3141510692365803,2.674438921754911,2.1464114093887416,3.775498739153697,2.0201875158070077,4.766333901500559,2.044010467251274,3.394222917338715
14y16y,14,30,4.146468315169859,3.2839592908202415,2.643243256285144,2.122424427696174,3.761570793174826,2.0132716682098115,4.7532512649993155,2.024693271194839,3.3702660257515262
15y1y,15,16,4.597578393516903,3.7925621682222306,3.0950961624331104,2.5854048150272764,3.9407338217548347,2.0348892791099535,4.814921590745539,2.4753510732565336,3.7467867398212062
15y2y,15,17,4.563476299693882,3.7622393742011164,3.0568094606944216,2.533625540943091,3.9264959659181002,2.0651335387687695,4.813161731037391,2.430934201821402,3.72644095836169
15y3y,15,18,4.527194099706653,3.7275851219563423,3.01855806867608,2.4829488723035418,3.9120964620229417,2.0884919787634937,4.811973912686074,2.385460335910304,3.7028669442000615
15y4y,15,19,4.4892400517521684,3.6886970749847072,2.9805388330685756,2.434397550385681,3.897968812808879,2.10420389030802,4.811913146760436,2.339469462328153,3.675871079799356
15y5y,15,20,4.450122504401581,3.6456726333126848,2.9429487391546263,2.3889951140374155,3.8845465757169046,2.1115085955827895,4.813534415073752,2.293501725634727,3.645259652026688
15y6y,15,21,4.410400095953946,3.5990946280080878,2.9059557172636,2.3473670283910453,3.8720094911419958,2.110471898513594,4.816801450796633,2.2482431655413926,3.61131883115279
15y7y,15,22,4.370791303493249,3.5510921729387817,2.8696348556227305,2.308869284857942,3.8597290750312805,2.1037902766325276,4.8197958377636585,2.204843993503075,3.575862956410008
15y8y,15,23,4.3319870458750245,3.5035248854716183,2.834077542057422,2.2730795854688957,3.847218061552429,2.0936985757305626,4.820928180024698,2.164373737043257,3.540439683215732
15y9y,15,24,4.294635963664293,3.457840110879002,2.799400068068398,2.2399148087373963,3.834205076629226,2.08172765919503,4.819111936179267,2.12777833197889,3.5061887551495885
15y10y,15,25,4.2593657395845685,3.4152794167613583,2.7657312246695285,2.2094615089113834,3.820526683845086,2.069056421452722,4.813511962115237,2.0959420253991974,3.4740460562765527
15y11y,15,26,4.226575689654585,3.376595412381738,2.733118552502928,2.1817047983196622,3.8061606075712766,2.0565792073830633,4.80383374695629,2.0692608859156825,3.4445641691463615
15y12y,15,27,4.19587366905482,3.3411123109305447,2.7012949736201146,2.1559820949975754,3.7914164462797775,2.0447436780426798,4.791321678660415,2.0464676995689883,3.417246770792999
15y13y,15,28,4.166832451946822,3.3080601353285735,2.669983153680634,2.131636166120113,3.776636663933304,2.033915579684711,4.77732657700174,2.0262182346633844,3.391518824390187
15y14y,15,29,4.13915968585419,3.2768817224827473,2.63896303185516,2.108153910642104,3.762125190562584,2.0244751802275984,4.7629750229126016,2.007448402492903,3.3669520736018073
15y15y,15,30,4.112652939685919,3.247161781955575,2.6080527146807255,2.085118296753142,3.748160284757862,2.0168124318292167,4.749244135883806,1.9892808643499305,3.3432161121579327
16y1y,16,17,4.529374205870855,3.731916580180002,3.018522758955738,2.4818462668589096,3.9122581100813782,2.0953777984275903,4.811401871329243,2.38651733038628,3.706095176902181
16y2y,16,18,4.492001952801525,3.6950965988233984,2.98028902179757,2.4317209009416834,3.8977777821570054,2.115293328590269,4.81050007365634,2.3405149672371874,3.680907046389491
16y3y,16,19,4.453127271163926,3.6540753772388674,2.9423530566137317,2.3840617955051515,3.8837138098269004,2.1273087607073724,4.810910332098736,2.2941755920186933,3.6522325264587407
16y4y,16,20,4.41325853212275,3.6089502495852988,2.9049118833350063,2.3398926887899485,3.8704997642074273,2.130663424701,4.813187621155804,2.24803938872928,3.6198778800780618
16y5y,16,21,4.372964436441353,3.5604011199652605,2.8681276282297032,2.2997594710638025,3.8582646250194292,2.1255884223943218,4.817177422806852,2.2028215839983623,3.584225249419109
16y6y,16,22,4.332993455155973,3.5108471737248728,2.832057971154335,2.262780029829721,3.8462282839106887,2.115273776219625,4.820608212266681,2.1597594802108318,3.547375659174809
16y7y,16,23,4.294045424783327,3.4622338450786714,2.796789167718039,2.228461695531984,3.833858667237803,2.1020999038192216,4.821786264207435,2.1199484032985048,3.510961532272093
16y8y,16,24,4.256768159932716,3.415999853711097,2.762438056272811,2.1967285579511624,3.820888983488525,2.087582456705665,4.819635729358483,2.0843317393191856,3.4761140070656373
16y9y,16,25,4.22178655581431,3.3733591110434835,2.7291351204735763,2.1676900304540623,3.807170335188448,2.072852770601919,4.8133553367118695,2.0537854645261597,3.4437415358827024
16y10y,16,26,4.189475419268353,3.3349987367976883,2.696920791509911,2.141334796648902,3.792703286152922,2.058748200210375,4.802724962577363,2.0286518671815963,3.4143419120788785
16y11y,16,27,4.159355057740085,3.300071414813119,2.665494865546206,2.1169436659039667,3.777842139418408,2.045639532491109,4.789176232107222,2.00747830196103,3.387288591790437
16y12y,16,28,4.130936956815981,3.2676849659207687,2.6345570696179275,2.093822112044517,3.76296190078151,2.033834438065941,4.774193659189757,1.9887904981139553,3.3619131647709364
16y13y,16,29,4.103896708341673,3.237213995887403,2.603875867964548,2.0714423026124757,3.748386065086258,2.0236740956981865,4.758979133079299,1.9714558893572394,3.3377340223541614
16y14y,16,30,4.078015407269418,3.2082046115079565,2.573263896984127,2.049383545447848,3.734405032115222,2.015521228452021,4.7445528891079665,1.9545615637137441,3.3143896387534144
17y1y,17,18,4.454629699732201,3.658276617466802,2.94205528463939,2.3815955350244344,3.8832974542326197,2.135208858752942,4.809598275983437,2.2945126040880925,3.6557189158768177
17y2y,17,19,4.415003803810455,3.615154775768301,2.904268205442729,2.33516955982827,3.8694416596996564,2.1432742418472697,4.810664562483483,2.2480047228349025,3.6253012012370203
17y3y,17,20,4.374553307540049,3.567961472720401,2.867041591461428,2.292574829433624,3.8565803155827734,2.1424253001254736,4.813782871097993,2.2018800748436136,3.591138781136686
17y4y,17,21,4.333861994083977,3.517522254911577,2.83052884554819,2.25423777211502,3.8447662537539444,2.133141078386008,4.818621310676254,2.1568976474013843,3.553757767548342
17y5y,17,22,4.2937173050129935,3.4666332924338503,2.7947650135940547,2.21896678242388,3.833022318676551,2.1192529717780317,4.822449480454168,2.1144079101757454,3.515631755629336
17y6y,17,23,4.254823961268738,3.4172867225617845,2.7598335691784226,2.1862309336441608,3.8207920934305397,2.1032202547178276,4.823516996353798,2.0755202487838758,3.47843925816708
17y7y,17,24,4.217824439084409,3.370868892786969,2.725854527318105,2.155997456678626,3.807836251118118,2.0864688364596766,4.820811994791232,2.0411623691667433,3.4432595542318456
17y8y,17,25,4.183338099557241,3.32853942740142,2.692961665663305,2.1284205009034562,3.7940343633268316,2.0700371421237103,4.813599519884698,2.0121939812936462,3.4109473307552673
17y9y,17,26,4.15170888742363,3.2908967541996543,2.6611872395714853,2.1035001888477893,3.779419416827538,2.0546782448529064,4.801760861604934,1.9888890379366322,3.3819248826540678
17y10y,17,27,4.122353142927007,3.256886898276433,2.630192076205253,2.080453405808471,3.7644005423521114,2.040665705897461,4.786953668185019,1.9695743991185055,3.3554079332792615
17y11y,17,28,4.094715388720084,3.225482091897202,2.5996510978599447,2.058547188879571,3.749389518117885,2.028239587123973,4.770811094449804,1.9526335133619257,3.3306238909408226
17y12y,17,29,4.068440250214241,3.195988780529687,2.5693219603819495,2.037241972258607,3.7347300613366636,2.017698787137403,4.754610571558469,1.936867435938153,3.3070372594751603
17y13y,17,30,4.043295499684692,3.1679190754562616,2.539013215294002,2.0161171822623802,3.720724026117825,2.009378415376977,4.73941065970633,1.9213341970466264,3.284258443511202
18y1y,18,19,4.375377907888713,3.5720329340698007,2.8664811262460583,2.288743584632107,3.8555858651666775,2.1513396249415986,4.811730848983516,2.201496841581708,3.5948834865972397
18y2y,18,20,4.334515111443977,3.522803900347199,2.829534744872451,2.2480644766382167,3.843221746257851,2.146033520811732,4.8158751686552685,2.155563810221366,3.5588487137666247
18y3y,18,21,4.293606092201242,3.4706041340598306,2.793353365851123,2.211785184478545,3.8319225202610516,2.132451818263694,4.821628988907194,2.11102599517248,3.519770718105517
18y4y,18,22,4.253489206333196,3.4187224611756073,2.75794244583272,2.1783095942737396,3.8204535347875357,2.1152640000343044,4.82566228157185,2.0693817366976526,3.4806099655674694
18y5y,18,23,4.214862813576047,3.3690887435807815,2.723389226086228,2.147158013368106,3.808291021270123,2.096822533910806,4.826300740427871,2.031721777723032,3.4429833266251326
18y6y,18,24,4.1783568956431125,3.32296760534033,2.68982106776456,2.1183977769543225,3.795259383932368,2.078345499410801,4.822680947925864,1.9989373300131823,3.4078496606243505
18y7y,18,25,4.144582156675105,3.281434114534936,2.6573768629524377,2.0922526388861717,3.7812824931974314,2.060726896890964,4.814171126156307,1.9718627494658647,3.37597996145219
18y8y,18,26,4.113843785885059,3.2449742712912606,2.6260787339379967,2.068738270575706,3.7664346621519034,2.044611918115402,4.800781184807621,1.9506860921677003,3.3477006285012245
18y9y,18,27,4.085433525504208,3.212288040588613,2.595540608601461,2.046993169228919,3.751189774365387,2.0301609111357424,4.784437600651862,1.9334701541218844,3.322040046323979
18y10y,18,28,4.058723957618873,3.1822026393402423,2.565410679182001,2.026242354265083,3.7359987245064112,2.0175426599610766,4.766932376296442,1.9184456042893099,3.298114388447224
18y11y,18,29,4.0333321184398825,3.153962613535403,2.535437112722182,2.0059371029162576,3.721223934709758,2.0070160533541728,4.749611689338018,1.904354238833612,3.27533892707501
18y12y,18,30,4.009017649680734,3.127055946955383,2.5054263761818882,1.985660652865542,3.707176240441592,1.9988925450956472,4.733561691683238,1.890235996459837,3.2533034041474
19y1y,19,20,4.293652314999241,3.4735748666245847,2.79258836349884,2.2073853686443297,3.830857627349007,2.1407274166818864,4.820019488327009,2.1096307788610376,3.5228139409360266
19y2y,19,21,4.252720184357497,3.4198897340548506,2.7567894856536523,2.1733059844017735,3.820090847808224,2.1230079149247443,4.826578058869028,2.065790571967869,3.4822143338596665
19y3y,19,22,4.212859639148017,3.3676189702108803,2.721762885694938,2.1414982641542886,3.808742757994485,2.103238791731878,4.830306092434622,2.0253433684029725,3.4425187918908797
19y4y,19,23,4.174734039997878,3.3183526959585254,2.68761625104627,2.1117616205521093,3.7964673102959803,2.0831932611531077,4.82994321328896,1.9892780117583615,3.4050082866321087
19y5y,19,24,4.13895269319399,3.273154539594435,2.6544890560682592,2.0843286154187664,3.783194087685502,2.063746674304641,4.824870967714332,1.9584254276994812,3.3704428954297763
19y6y,19,25,4.106116198139503,3.233000977945792,2.6225261524034984,2.059504147928517,3.7688985978692227,2.0456247755491908,4.814577839018437,1.9335904007798925,3.339496040594684
19y7y,19,26,4.076481768455966,3.1982516051800385,2.591735535036844,2.0373089399962225,3.753698776006933,2.029365102854518,4.7992169470682065,1.914855985108557,3.312388791630368
19y8y,19,27,4.049190477706144,3.1673199289034644,2.5616730438958846,2.016774367303521,3.7381402630152256,2.01501357191001,4.781025944610404,1.899966818189407,3.2879346162898235
19y9y,19,28,4.023540185366668,3.1388881621480693,2.5319584072859924,1.9970755508909706,3.7227112644330482,2.002676330518796,4.7619547682200976,1.8869954668123758,3.265140044208334
19y10y,19,29,3.999127539494999,3.1121555814819635,2.5023327113697933,1.9776564547446727,3.7077877416640663,1.992583696195431,4.743399773373467,1.8746399785588028,3.2433844711227886
19y11y,19,30,3.975712171661826,3.0866034935813436,2.4726032170851444,1.9581076590685826,3.693684456375674,1.9850337196551067,4.72645540465594,1.8619395559942136,3.222250669379234
20y1y,20,21,4.211788053715761,3.366204601485106,2.720990607808469,2.1392266001592106,3.80932406826745,2.1052884131676195,4.833136629411046,2.0219503650747077,3.4416147267833113
20y2y,20,22,4.172463301222415,3.3146410220040203,2.686350146792995,2.1085547119092625,3.7976853233172125,2.084494479256877,4.835449394488436,1.9831996631739415,3.4023712173683154
20y3y,20,23,4.135094614997429,3.2666119724031697,2.6526255468954134,2.079887037854693,3.785003871278302,2.064015209310183,4.83325112160961,1.9491604227241384,3.3657397351974714
20y4y,20,24,4.100277787742681,3.2230494578369004,2.6199642292106144,2.0535644271123727,3.7712782027696248,2.0445014887103317,4.826083837561163,1.9206240899090912,3.3323501340532142
20y5y,20,25,4.068608974767556,3.1848862002100313,2.5885137101844307,2.0299279037853535,3.7565067919732638,2.0266042473226533,4.813489509156723,1.8983823251636631,3.3028324605264183
20y6y,20,26,4.040286677365422,3.1523643949392826,2.558260063626512,2.00896286855487,3.7408389674499185,2.010804717216624,4.795749856858404,1.8823935194831432,3.2773179334127565
20y7y,20,27,4.014267358092847,3.1235692235147305,2.5286851410954623,1.989544224254833,3.724894925253256,1.997054451228315,4.775455438365176,1.8700148238077439,3.254380427054652
20y8y,20,28,3.989776169162597,3.0970523240885033,2.4993796627593885,1.9707868236717982,3.709192969068552,1.9854199447484122,4.754696678206734,1.859166052806295,3.2329308071173743
20y9y,20,29,3.966402564438973,3.071997883132784,2.4700820833554555,1.952131019866933,3.6941133099212937,1.9761232828080466,4.734886471711961,1.8485298896363325,3.212336752254652
20y10y,20,30,3.9439181573280866,3.04790635627702,2.440604702443775,1.933179888111006,3.679967139278341,1.9694643499524291,4.717098996288831,1.8371704337075319,3.192194342223557
21y1y,21,22,4.133138548729054,3.263077442522941,2.6517096857775,2.0778828236593285,3.7860465783669808,2.063700545346143,4.837762159565822,1.944448961273184,3.3631277079533124
21y2y,21,23,4.0967478956382575,3.216815657862207,2.618443016438882,2.05021725670244,3.7728437727837316,2.043378607381474,4.8333083677088915,1.9127654515488524,3.3278022394045546
21y3y,21,24,4.063107699084986,3.175331076620827,2.586288769677994,2.0250103694300936,3.758596247603686,2.0242391805579043,4.823732906944535,1.886848664853887,3.295928603143181
21y4y,21,25,4.032814205030504,3.1395565998912627,2.5553944857784194,2.0026032296918914,3.7433024728997184,2.0069332058614155,4.808577729093144,1.8674903151859035,3.2681368939621938
21y5y,21,26,4.00598640209535,3.1095963536301183,2.52571395479012,1.9829101222340006,3.7271419472864142,1.9919079780264273,4.788272502347877,1.8544821503648297,3.244458574738647
21y6y,21,27,3.9813472421556937,3.0831299938530026,2.4966342299766255,1.964597161604106,3.710823401417556,1.9790154575717662,4.765841906524198,1.8446922335965854,3.2231747104332085
21y7y,21,28,3.9580601856550026,3.0586019987461315,2.4677209563238054,1.9467239984593117,3.694888526325851,1.9682958778313813,4.743490970891831,1.8359111510536634,3.203118818593669
21y8y,21,29,3.935729378279372,3.0352220433387425,2.438718517798828,1.9287440723303992,3.679711965128026,1.959977641513101,4.722605201999578,1.8268523302065367,3.18367700543857
21y9y,21,30,3.914154835507232,3.0125398845872335,2.409450712958809,1.9102858089945398,3.6655941471684406,1.9543727873729648,4.7042059259419196,1.8166393302222892,3.1644809661613613
22y1y,22,23,4.0603572425474495,3.1705538732014698,2.585176347100255,2.0225516897455535,3.7596409672004754,2.0230566694168037,4.828854575851961,1.8810819418245293,3.292476770855805
22y2y,22,24,4.028092274262943,3.131457893669775,2.5535783116282347,1.9985741423154864,3.744871082222032,2.004508498163789,4.81671828063389,1.8580485166442426,3.2623290507381144
22y3y,22,25,3.999372757130984,3.098382985680706,2.5232894191120554,1.9775100317027456,3.7290544377439625,1.9880107593665102,4.798849585602252,1.8418374331568135,3.2364732892984867
22y4y,22,26,3.9741983654369264,3.0712260814069094,2.494215022043274,1.9591669468776711,3.7124157895162697,1.9739598361965,4.77590008804339,1.8319904476377429,3.2147912914349797
22y5y,22,27,3.9509889808410192,3.047140504119016,2.4656191388164523,1.941940029193064,3.69577876602767,1.9620784400168911,4.7514578559158736,1.8247408880612679,3.195184110929187
22y6y,22,28,3.9288804584759904,3.024522758116664,2.4370561680815195,1.92486419425931,3.679695517652331,1.9523950999122557,4.727779106112835,1.8178215160170799,3.1764506703670627
22y7y,22,29,3.907528068215131,3.0026712720267157,2.408291208087587,1.9074385364262658,3.6645213060938877,1.9451600838226686,4.706154208061543,1.8100528114827308,3.158041190793605
22y8y,22,30,3.886781871354504,2.9812226898452696,2.3791683413564706,1.8893361821614423,3.6505375932686213,1.9407068176263178,4.687511396738932,1.8006631263409283,3.139650123437366
23y1y,23,24,3.9958273059784424,3.0923619141380843,2.521980276156217,1.9745965948854087,3.730101197243581,1.985960326910777,4.804581985415822,1.8350150914639423,3.2321813306204428
23y2y,23,25,3.968880514422748,3.0622975419203233,2.492345955117952,1.9549892026813422,3.713761173015701,1.970487804341357,4.783847090477388,1.822215178822957,3.2084715485198325
23y3y,23,26,3.9454787397334123,3.0381168174753896,2.463894580357608,1.9380386992550453,3.696674063621535,1.9575942251230625,4.758248592107203,1.8156266162421473,3.1888961316280406
23y4y,23,27,3.923646915414411,3.0162871618483997,2.4357298367454967,1.9217871140549347,3.679813215734468,1.9468338826669116,4.73210867593185,1.8106556246204508,3.170860945947534
23y5y,23,28,3.9025851016616966,2.9953165350997035,2.4074321322777723,1.90532669516206,3.6637064277427016,1.9382627860113455,4.707564012165009,1.8051694308555886,3.1532454502693152
23y6y,23,29,3.8820565391597457,2.97469083849759,2.378810351585477,1.8882530108730515,3.64866802924279,1.9321773195569774,4.68570414676314,1.79821462309243,3.135635260783239
23y7y,23,30,3.8619853897555103,2.9541753779372395,2.349738626250214,1.8703053953637114,3.6349513969926415,1.92894255308482,4.6673195140085,1.789174724128986,3.117817745234733
24y1y,24,25,3.9419337228670646,3.0322331697025744,2.462711634079706,1.9353818104772733,3.6974211487878295,1.9550152817719473,4.763112195538953,1.8094152661819514,3.184761766419233
24y2y,24,26,3.9203044566109035,3.0109942691440477,2.434851732458313,1.9197597514398657,3.6799604968105055,1.9434111742292106,4.735081895452891,1.8059323786312456,3.167253532131846
24y3y,24,27,3.8995867852264032,2.9909289110851747,2.406979690275261,1.9041839537781131,3.663050555231432,1.9337917345856295,4.7079509061038545,1.8025358023392866,3.1504208177232345
24y4y,24,28,3.8792745505825157,2.97105519034011,2.3787950963081625,1.8880092202312257,3.647107735367481,1.9263384007864894,4.683309518852303,1.7977080157034957,3.133511480181532
24y5y,24,29,3.8593023857960054,2.951156623369492,2.3501763666713296,1.8709842940705774,3.6323813956426303,1.921420718086218,4.661928579032602,1.7908545294181275,3.116326046815802
24y6y,24,30,3.839678403718357,2.9311442885704335,2.321031684599217,1.8529235287767607,3.6190930969508193,1.9194395907804944,4.644442435440613,1.7815346629064897,3.09875714767045
25y1y,25,26,3.8986751903547443,2.9897553685855214,2.406991830836923,1.9041376924024473,3.662499844833201,1.9318070666864724,4.707051595366813,1.8024494910805395,3.1497452978444493
25y2y,25,27,3.8784133164060717,2.9702767817764797,2.3791137183730453,1.888585025428537,3.6458652584532363,1.9231799609924647,4.680370261386306,1.7990960704179433,3.1332503433752406
25y3y,25,28,3.858388159820995,2.9506625305526253,2.350822917050981,1.872218356815879,3.6303365975606994,1.9167794404580059,4.656708626623416,1.7938055988773456,3.116428051435636
25y4y,25,29,3.838644551528242,2.9308874867862214,2.3220425498192374,1.854884914968908,3.6161214573563303,1.9130220771647881,4.636632674906013,1.7862143452271657,3.099217116914941
25y5y,25,30,3.819227339888613,2.9109265123440076,2.292695694703121,1.8364318724366606,3.603427486583416,1.9123244525822047,4.620708483420943,1.775958542251397,3.081556223920694
26y1y,26,27,3.858151442457394,2.9507981949674225,2.351235605909169,1.873032358454629,3.6292306720732683,1.9145528552984565,4.65368892740579,1.7957426497553595,3.116755388906023
26y2y,26,28,3.8382446445541207,2.9311161115361726,2.322738460158011,1.8562586890225867,3.614254973924443,1.9092656273437738,4.631537142251715,1.7894836527757447,3.0997694282312254
26y3y,26,29,3.8186343385860737,2.9112648595197825,2.2937261228133425,1.8384673224910613,3.6006619948640455,1.9067604139908922,4.613159701419075,1.7808026299427115,3.0823743899384413
26y4y,26,30,3.7993653772720815,2.891219298283628,2.264121660669667,1.8195054174452094,3.588659397020972,1.9074537990561358,4.599122705434473,1.7693358050441133,3.064508955439751
27y1y,27,28,3.8183378466508593,2.911434028104911,2.294241314406868,1.8394850195905497,3.5992792757756304,1.9039783993890742,4.609385357097642,1.7832246557961384,3.082783467556428
27y2y,27,29,3.798875786650412,2.8914981917959612,2.2649713812654366,1.8211848045092789,3.5863776562594305,1.902864193337108,4.592895088425716,1.7733326200363906,3.065183890454648
27y3y,27,30,3.7797700222103123,2.8713596660556933,2.235083678923172,1.801663103775412,3.575135638670208,1.9050874469753634,4.5809339647773655,1.7605335234736963,3.047093477617664
28y1y,28,29,3.779413726649966,2.871562355487022,2.235701448123986,1.8028845894280074,3.5734760367432274,1.9017499872851378,4.576404819753785,1.7634405842766359,3.0475843133528735
28y2y,28,30,3.7604861099900413,2.8513224850310888,2.2055048611813266,1.7827521458678344,3.563063820117496,1.9056419707685017,4.56670826861723,1.7491879573124818,3.029248482648281
29y1y,29,30,3.7415584933301105,2.831082614575159,2.175308274238652,1.762619702307663,3.5526516034917486,1.909533954251868,4.557011717480657,1.7349353303483153,3.0109126519437037
