,name,rate,rolled_rate,term
0,eur 1Y,3.4250000000718632,1Y,
1,eur 2Y,3.104000000148178,2Y,
2,eur 3Y,2.9140000002259985,3Y,
3,eur 4Y,2.7920000003118606,4Y,
4,eur 5Y,2.7200000004036786,5Y,
5,eur 6Y,2.6820000005078555,6Y,
6,eur 7Y,2.66400000060984,7Y,
7,eur 8Y,2.658000000737582,8Y,
8,eur 9Y,2.6630000008683963,9Y,
9,eur 10Y,2.6750000010215853,10Y,
10,eur 11Y,2.687000001197895,11Y,
11,eur 12Y,2.7020000028629556,12Y,
12,eur 13Y,2.713642276799676,13Y,
13,eur 14Y,2.7234885585936555,14Y,
14,eur 15Y,2.7320000091588845,15Y,
15,eur 16Y,2.7224787069685856,16Y,
16,eur 17Y,2.714098897645977,17Y,
17,eur 18Y,2.7066545109787525,18Y,
18,eur 19Y,2.699970725790988,19Y,
19,eur 20Y,2.694000021248675,20Y,
20,eur 21Y,2.673613058378322,21Y,
21,eur 22Y,2.655036282528988,22Y,
22,eur 23Y,2.638042563512219,23Y,
23,eur 24Y,2.622325461813349,24Y,
24,eur 25Y,2.608000029750417,25Y,
25,eur 26Y,2.588534711510099,26Y,
26,eur 27Y,2.57041403507014,27Y,
27,eur 28Y,2.5535066292092394,28Y,
28,eur 29Y,2.5377793129464807,29Y,
29,eur 30Y,2.523000070267264,30Y,
30,eur 1Y1Y,2.7762028101001626,2.7725727576501833,1Y1Y
31,eur 1Y2Y,2.6487413516783413,2.64575342160714,1Y2Y
32,eur 1Y3Y,2.570171506084081,2.5676597290847916,1Y3Y
33,eur 1Y4Y,2.5324273667798525,2.530298370341136,1Y4Y
34,eur 1Y5Y,2.521917539501745,2.520098106049852,1Y5Y
35,eur 1Y6Y,2.525682436913158,2.5241090150153034,1Y6Y
36,eur 1Y7Y,2.537111724450537,2.535735728864236,1Y7Y
37,eur 1Y8Y,2.5565515988080656,2.5553394061042805,1Y8Y
38,eur 1Y9Y,2.5806819427829946,2.5796074849316875,1Y9Y
39,eur 1Y10Y,2.6023973783694943,2.6014332772576254,1Y10Y
40,eur 1Y11Y,2.625688484593758,2.6248272675049176,1Y11Y
41,eur 1Y12Y,2.6439436509510346,1.3216945990134692,1Y12Y
42,eur 1Y13Y,2.659197797804438,2.0805623009344325,1Y13Y
43,eur 1Y14Y,2.6722428726348215,2.6725386573654775,1Y14Y
44,eur 1Y15Y,2.66521757963322,3.1436067124097935,1Y15Y
45,eur 1Y16Y,2.6590834188438897,3.0011974260501746,1Y16Y
46,eur 1Y17Y,2.653673069367849,2.8715792233170117,1Y17Y
47,eur 1Y18Y,2.6488490666761533,2.7524809303159206,1Y18Y
48,eur 1Y19Y,2.6445607224997274,2.6441031122830028,1Y19Y
49,eur 1Y20Y,2.6247520678415146,2.5443046654618646,1Y20Y
50,eur 1Y21Y,2.6067862264617405,2.549171365972252,1Y21Y
51,eur 1Y22Y,2.590421041305937,2.553578056994891,1Y22Y
52,eur 1Y23Y,2.575344730717419,2.557626337067499,1Y23Y
53,eur 1Y24Y,2.5616516394106834,2.5612700187814115,1Y24Y
54,eur 1Y25Y,2.5424720390221403,2.56460985195299,1Y25Y
55,eur 1Y26Y,2.5246715754771345,2.5406337748841237,1Y26Y
56,eur 1Y27Y,2.508109906747506,2.5182672899089424,1Y27Y
57,eur 1Y28Y,2.49274456082596,2.497465902060094,1Y28Y
58,eur 1Y29Y,2.4783410474665595,2.4779198969513674,1Y29Y
59,eur 2Y1Y,2.5167446105565485,2.514372450942559,2Y1Y
60,eur 2Y2Y,2.4624766326930563,2.4605111621309934,2Y2Y
61,eur 2Y3Y,2.4466459823032163,2.4450158962061446,2Y3Y
62,eur 2Y4Y,2.4542465611927438,2.452888975330695,2Y4Y
63,eur 2Y5Y,2.4717117646119284,2.470564522388378,2Y5Y
64,eur 2Y6Y,2.4935869091203067,2.4926071316164293,2Y6Y
65,eur 2Y7Y,2.5219710236236823,2.5211302833663205,2Y7Y
66,eur 2Y8Y,2.553418863411181,2.55269385996251,2Y8Y
67,eur 2Y9Y,2.580611357858721,2.5800287744749113,2Y9Y
68,eur 2Y10Y,2.6085668395252513,2.5954232674751747,2Y10Y
69,eur 2Y11Y,2.629914474856348,1.1697750895184311,2Y11Y
70,eur 2Y12Y,2.6477210444245265,2.0156216723901026,2Y12Y
71,eur 2Y13Y,2.662632038596879,2.666679190355312,2Y13Y
72,eur 2Y14Y,2.6555733964535357,3.1745869405474343,2Y14Y
73,eur 2Y15Y,2.6494452157715322,3.0182369913055687,2Y15Y
74,eur 2Y16Y,2.644114107469636,2.878177735130718,2Y16Y
75,eur 2Y17Y,2.6394101995659813,2.7510015493095663,2Y17Y
76,eur 2Y18Y,2.6351170280726364,2.634400227542486,2Y18Y
77,eur 2Y19Y,2.614356579210423,2.5288562828939414,2Y19Y
78,eur 2Y20Y,2.595626659198777,2.5346416832088994,2Y20Y
79,eur 2Y21Y,2.5785600305588963,2.5398904640068927,2Y21Y
80,eur 2Y22Y,2.563140064397039,2.5445944530841715,2Y22Y
81,eur 2Y23Y,2.548984196725752,2.5488881963582175,2Y23Y
82,eur 2Y24Y,2.5290557973427927,2.5526443404332504,2Y24Y
83,eur 2Y25Y,2.510671986810518,2.5276998402873256,2Y25Y
84,eur 2Y26Y,2.493533958332253,2.504381506749142,2Y26Y
85,eur 2Y27Y,2.4778029975748317,2.482927725898006,2Y27Y
86,eur 2Y28Y,2.4631683912154987,2.4629225622409345,2Y28Y
87,eur 3Y1Y,2.4070147745539017,2.4054643966279703,3Y1Y
88,eur 3Y2Y,2.4102578384213356,2.409011494490953,3Y2Y
89,eur 3Y3Y,2.4320551889385307,2.4310500609856116,3Y3Y
90,eur 3Y4Y,2.459743035393568,2.4589204984010724,3Y4Y
91,eur 3Y5Y,2.4884445379875757,2.487763282135422,3Y5Y
92,eur 3Y6Y,2.52274237498318,2.5221787032031906,3Y6Y
93,eur 3Y7Y,2.5590341333713,2.5585679629611295,3Y7Y
94,eur 3Y8Y,2.5893712914695977,2.5890084351508507,3Y8Y
95,eur 3Y9Y,2.620052982926493,2.6055556529043593,3Y9Y
96,eur 3Y10Y,2.642835319212905,1.0184478827865373,3Y10Y
97,eur 3Y11Y,2.661446756703993,1.961897808369244,3Y11Y
98,eur 3Y12Y,2.676911983026374,2.67952335350736,3Y12Y
99,eur 3Y13Y,2.668277017900779,3.234766100769806,3Y13Y
100,eur 3Y14Y,2.660889142157057,3.0626116715988445,3Y14Y
101,eur 3Y15Y,2.654461975219499,2.907642304860733,3Y15Y
102,eur 3Y16Y,2.6488720673498225,2.76921900281163,3Y16Y
103,eur 3Y17Y,2.6438783986351364,2.6435257977359314,3Y17Y
104,eur 3Y18Y,2.6212671327413055,2.5298337115442164,3Y18Y
105,eur 3Y19Y,2.6009822552476276,2.5359693120325058,3Y19Y
106,eur 3Y20Y,2.582688333605554,2.5414693162635147,3Y20Y
107,eur 3Y21Y,2.566024844157244,2.5464600404727564,3Y21Y
108,eur 3Y22Y,2.5509735476139492,2.5509326913980286,3Y22Y
109,eur 3Y23Y,2.5298144164315737,2.5549287401814285,3Y23Y
110,eur 3Y24Y,2.5103654362239753,2.528504566350627,3Y24Y
111,eur 3Y25Y,2.4923870593652646,2.504011696804521,3Y25Y
112,eur 3Y26Y,2.4757184891155135,2.481245338161199,3Y26Y
113,eur 3Y27Y,2.460381509719505,2.4602506741701866,3Y27Y
114,eur 4Y1Y,2.413414748459281,2.4124795573524596,4Y1Y
115,eur 4Y2Y,2.4448981693853944,2.44417551208192,4Y2Y
116,eur 4Y3Y,2.477744821303175,2.4771774419794745,4Y3Y
117,eur 4Y4Y,2.5100896664328625,2.5096392427014798,4Y4Y
118,eur 4Y5Y,2.547523353997251,2.5471717516159607,4Y5Y
119,eur 4Y6Y,2.586564755308487,2.586295491020625,4Y6Y
120,eur 4Y7Y,2.6180643185913715,2.617854387115603,4Y7Y
121,eur 4Y8Y,2.6496163449719403,2.649465211249801,4Y8Y
122,eur 4Y9Y,2.672574588790202,0.8469026419374692,4Y9Y
123,eur 4Y10Y,2.690724464721963,1.9121465464156484,4Y10Y
124,eur 4Y11Y,2.7055556387061266,2.7060410087260784,4Y11Y
125,eur 4Y12Y,2.6940241938372083,3.3158627364936417,4Y12Y
126,eur 4Y13Y,2.6842828627219832,3.12312017273931,4Y13Y
127,eur 4Y14Y,2.675931737430659,2.9522385987056055,4Y14Y
128,eur 4Y15Y,2.6686666444378995,2.7989066451522753,4Y15Y
129,eur 4Y16Y,2.6623506402822064,2.662337988309354,4Y16Y
130,eur 4Y17Y,2.6371875908067706,2.539001106317265,4Y17Y
131,eur 4Y18Y,2.614759392906455,2.545160505976223,4Y18Y
132,eur 4Y19Y,2.5946475248901764,2.5506505060659888,4Y19Y
133,eur 4Y20Y,2.5763820036879825,2.5556223807448855,4Y20Y
134,eur 4Y21Y,2.5600060302060577,2.560040345090797,4Y21Y
135,eur 4Y22Y,2.537307831185312,2.5640430393133324,4Y22Y
136,eur 4Y23Y,2.516469123644537,2.5357752711608477,4Y23Y
137,eur 4Y24Y,2.497274169933573,2.5096651348861445,4Y24Y
138,eur 4Y25Y,2.4796301250645856,2.4856040144573193,4Y25Y
139,eur 4Y26Y,2.463232397876479,2.463187409888875,4Y26Y
140,eur 5Y1Y,2.477172381007807,2.476667433832797,5Y1Y
141,eur 5Y2Y,2.5111403096922316,2.510763662810754,5Y2Y
142,eur 5Y3Y,2.54391964941598,2.5436386294807325,5Y3Y
143,eur 5Y4Y,2.5832209780442548,2.5830244661201425,5Y4Y
144,eur 5Y5Y,2.623933818106126,2.6238080189005184,5Y5Y
145,eur 5Y6Y,2.6553696036146066,2.6552916560639233,5Y6Y
146,eur 5Y7Y,2.687014508145235,2.6869803531953993,5Y7Y
147,eur 5Y8Y,2.708950101214205,0.6317180089016782,5Y8Y
148,eur 5Y9Y,2.725809327304785,1.8505340029151989,5Y9Y
149,eur 5Y10Y,2.7392849896777567,2.739129558363429,5Y10Y
150,eur 5Y11Y,2.72386469720918,3.410518585391145,5Y11Y
151,eur 5Y12Y,2.7110344257012913,3.1926999770905824,5Y12Y
152,eur 5Y13Y,2.7001743274747776,3.001838921670014,5Y13Y
153,eur 5Y14Y,2.690827283616177,2.8323516982345205,5Y14Y
154,eur 5Y15Y,2.6827803709860927,2.682784790134654,5Y15Y
155,eur 5Y16Y,2.6546161893792064,2.5488189408103255,5Y16Y
156,eur 5Y17Y,2.6296959461339857,2.554962390985382,5Y17Y
157,eur 5Y18Y,2.6074944996299685,2.5604025088075777,5Y18Y
158,eur 5Y19Y,2.5874488150971215,2.565301461097427,5Y19Y
159,eur 5Y20Y,2.5695716146656906,2.5696306904887596,5Y20Y
160,eur 5Y21Y,2.545093663674086,2.5735346441280553,5Y21Y
161,eur 5Y22Y,2.5227183147049885,2.543228923184121,5Y22Y
162,eur 5Y23Y,2.50218984484319,2.515346194585182,5Y23Y
163,eur 5Y24Y,2.483388948661317,2.489744440732881,5Y24Y
164,eur 5Y25Y,2.4659749336342127,2.4659722028417885,5Y25Y
165,eur 6Y1Y,2.54599012173993,2.5457450192690074,6Y1Y
166,eur 6Y2Y,2.5785136246454674,2.5783485632651257,6Y2Y
167,eur 6Y3Y,2.620415930995898,2.620327495528429,6Y3Y
168,eur 6Y4Y,2.6630712944170427,2.6630465147077205,6Y4Y
169,eur 6Y5Y,2.6939104231346143,2.693924782719494,6Y5Y
170,eur 6Y6Y,2.7253453328371737,2.725388729525544,6Y6Y
171,eur 6Y7Y,2.7457196626935767,0.3460430473272777,6Y7Y
172,eur 6Y8Y,2.7608162897250175,1.7650499668544202,6Y8Y
173,eur 6Y9Y,2.772552747783123,2.7715531298497886,6Y9Y
174,eur 6Y10Y,2.7524175743409796,3.5168368759418094,6Y10Y
175,eur 6Y11Y,2.7359673602402315,3.2683121915579956,6Y11Y
176,eur 6Y12Y,2.7222520997704063,3.053552202349534,6Y12Y
177,eur 6Y13Y,2.710596293748007,2.8651510676445353,6Y13Y
178,eur 6Y14Y,2.7006732673768066,2.7006663649697265,6Y14Y
179,eur 6Y15Y,2.669206326270372,2.554727896990953,6Y15Y
180,eur 6Y16Y,2.6415945780265337,2.5610429863537347,6Y16Y
181,eur 6Y17Y,2.617175688567343,2.566593973438764,6Y17Y
182,eur 6Y18Y,2.595272257219426,2.5715608052717895,6Y18Y
183,eur 6Y19Y,2.575853093774031,2.5759235649169328,6Y19Y
184,eur 6Y20Y,2.5495293914448003,2.5798373430508885,6Y20Y
185,eur 6Y21Y,2.5255819300346696,2.5474002122942494,6Y21Y
186,eur 6Y22Y,2.5037071497869667,2.517685181438936,6Y22Y
187,eur 6Y23Y,2.4837533759781207,2.4905089718948132,6Y23Y
188,eur 6Y24Y,2.4653394758195946,2.4653667934019965,6Y24Y
189,eur 7Y1Y,2.6117164389117993,2.6116330653126796,7Y1Y
190,eur 7Y2Y,2.6590751156274512,2.65906804236679,7Y2Y
191,eur 7Y3Y,2.7041920721796435,2.7042446846379056,7Y3Y
192,eur 7Y4Y,2.7334228916088334,2.733506624632745,7Y4Y
193,eur 7Y5Y,2.764195137265272,2.764290735648118,7Y5Y
194,eur 7Y6Y,2.782252157400882,-0.04495495230038343,7Y6Y
195,eur 7Y7Y,2.7949867524965653,1.6452142157807719,7Y7Y
196,eur 7Y8Y,2.804537617218482,2.802464862856175,7Y8Y
197,eur 7Y9Y,2.778666748044843,3.638048210201487,7Y9Y
198,eur 7Y10Y,2.7579984058872675,3.351216918444145,7Y10Y
199,eur 7Y11Y,2.7410775084018244,3.1074648155663276,7Y11Y
200,eur 7Y12Y,2.726913069343618,2.8966949948198955,7Y12Y
201,eur 7Y13Y,2.715009887576002,2.7149764397731646,7Y13Y
202,eur 7Y14Y,2.679941641107051,2.5555071523348185,7Y14Y
203,eur 7Y15Y,2.6494623645656588,2.5622958437764463,7Y15Y
204,eur 7Y16Y,2.6227323452843216,2.5682132641894277,7Y16Y
205,eur 7Y17Y,2.5989332002927497,2.5734691460406394,7Y17Y
206,eur 7Y18Y,2.5779722842889448,2.5780553785045286,7Y18Y
207,eur 7Y19Y,2.5497699966736467,2.5821458476216153,7Y19Y
208,eur 7Y20Y,2.5242496266742016,2.5475078930730577,7Y20Y
209,eur 7Y21Y,2.5010505434142924,2.5159276880397115,7Y21Y
210,eur 7Y22Y,2.479981756581499,2.4871711720351897,7Y22Y
211,eur 7Y23Y,2.460617141131282,2.4606730973006843,7Y23Y
212,eur 8Y1Y,2.7084795495650127,2.708551634691484,8Y1Y
213,eur 8Y2Y,2.752843996070189,2.752967473464494,8Y2Y
214,eur 8Y3Y,2.7766955258387984,2.7769232522327707,8Y3Y
215,eur 8Y4Y,2.8054913199984473,2.771451500255218,8Y4Y
216,eur 8Y5Y,2.8194822556084063,-0.6055566269737552,8Y5Y
217,eur 8Y6Y,2.8288167599649436,1.4740162034471336,8Y6Y
218,eur 8Y7Y,2.835395269696067,2.8351567069035757,8Y7Y
219,eur 8Y8Y,2.80235713089378,3.7801248779156422,8Y8Y
220,eur 8Y9Y,2.776699917173783,3.444097730214677,8Y9Y
221,eur 8Y10Y,2.7560711264172335,3.1629475527907327,8Y10Y
222,eur 8Y11Y,2.7393068559705807,2.9272408771691976,8Y11Y
223,eur 8Y12Y,2.7252194891132864,2.7247419713102845,8Y12Y
224,eur 8Y13Y,2.6862193898622397,2.5503110990396536,8Y13Y
225,eur 8Y14Y,2.652696877127489,2.5580065625134396,8Y14Y
226,eur 8Y15Y,2.623583108079412,2.5646490106195627,8Y15Y
227,eur 8Y16Y,2.59793865870637,2.5704798943985856,8Y16Y
228,eur 8Y17Y,2.5754597322356996,2.5755499492891807,8Y17Y
229,eur 8Y18Y,2.5452834907553554,2.579938712813418,8Y18Y
230,eur 8Y19Y,2.518214549733722,2.5430394090975836,8Y19Y
231,eur 8Y20Y,2.4937422193338734,2.509578548267582,8Y20Y
232,eur 8Y21Y,2.4715099297669156,2.4790962596320236,8Y21Y
233,eur 8Y22Y,2.451430973540003,2.4515003416653287,8Y22Y
234,eur 9Y1Y,2.7983908719485173,2.798568299131162,9Y1Y
235,eur 9Y2Y,2.8121339142861337,2.812314118879485,9Y2Y
236,eur 9Y3Y,2.8393867687358547,2.8395217279139837,9Y3Y
237,eur 9Y4Y,2.84920244564804,-1.4516474095685326,9Y4Y
238,eur 9Y5Y,2.8549755095664135,1.2199310895856887,9Y5Y
239,eur 9Y6Y,2.8588275439483284,2.853780320545472,9Y6Y
240,eur 9Y7Y,2.817433583445687,3.947708704356896,9Y7Y
241,eur 9Y8Y,2.78643158545516,3.5474497819011104,9Y8Y
242,eur 9Y9Y,2.7623027488034584,3.222657685636347,9Y9Y
243,eur 9Y10Y,2.7429121491105297,2.952480635806536,9Y10Y
244,eur 9Y11Y,2.727158129539106,2.727068948007452,9Y11Y
245,eur 9Y12Y,2.6841470203056734,2.5347441615354582,9Y12Y
246,eur 9Y13Y,2.6476526743307343,2.54418221632139,9Y13Y
247,eur 9Y14Y,2.6163049775578275,2.55223986127984,9Y14Y
248,eur 9Y15Y,2.588896818903699,2.559266133295274,9Y15Y
249,eur 9Y16Y,2.565138909917028,2.5653039607030337,9Y16Y
250,eur 9Y17Y,2.5333103170503213,2.5706150998835926,9Y17Y
251,eur 9Y18Y,2.5048688338396805,2.5315350114369917,9Y18Y
252,eur 9Y19Y,2.4793061498213023,2.4963010488092623,9Y19Y
253,eur 9Y20Y,2.4563276040764213,2.464540948181225,9Y20Y
254,eur 9Y21Y,2.435403820813065,2.43554432868489,9Y21Y
255,eur 10Y1Y,2.826270793501592,2.8264539172054093,10Y1Y
256,eur 10Y2Y,2.8607508668641763,2.8608489307191887,10Y2Y
257,eur 10Y3Y,2.8670853991128706,-2.862063264733079,10Y3Y
258,eur 10Y4Y,2.870144271231845,0.8230305901434634,10Y4Y
259,eur 10Y5Y,2.871982560463652,2.8652009261872746,10Y5Y
260,eur 10Y6Y,2.820933507996585,4.152884149484418,10Y6Y
261,eur 10Y7Y,2.784522390840189,3.6651180117600832,10Y7Y
262,eur 10Y8Y,2.7571957425347575,3.28216025245459,10Y8Y
263,eur 10Y9Y,2.7358473645343144,2.971978896774498,10Y9Y
264,eur 10Y10Y,2.718888074528445,2.7188060953723796,10Y10Y
265,eur 10Y11Y,2.671941194283521,2.506719129783635,10Y11Y
266,eur 10Y12Y,2.6327139697342443,2.519130753160618,10Y12Y
267,eur 10Y13Y,2.59945401147709,2.529590291293946,10Y13Y
268,eur 10Y14Y,2.5706979745089544,2.5386068745824026,10Y14Y
269,eur 10Y15Y,2.5460116446671237,2.546284962212713,10Y15Y
270,eur 10Y16Y,2.5127057789820317,2.552983102910491,10Y16Y
271,eur 10Y17Y,2.4831661076848635,2.5118749282018253,10Y17Y
272,eur 10Y18Y,2.4567932220500954,2.475055453965408,10Y18Y
273,eur 10Y19Y,2.4332277493221097,2.442061689734321,10Y19Y
274,eur 10Y20Y,2.411885203764345,2.4120994141738814,10Y20Y
275,eur 11Y1Y,2.8961547658897713,2.896115694715344,11Y1Y
276,eur 11Y2Y,2.8883124248473497,-5.571114231213104,11Y2Y
277,eur 11Y3Y,2.885607701370382,0.17496975339077042,11Y3Y
278,eur 11Y4Y,2.8842513806745984,2.874953547048091,11Y4Y
279,eur 11Y5Y,2.8197724240186877,4.431470040606197,11Y5Y
280,eur 11Y6Y,2.776853067983571,3.8163169177496026,11Y6Y
281,eur 11Y7Y,2.746177051182692,3.3541344437298513,11Y7Y
282,eur 11Y8Y,2.72307189509828,2.9924181153780838,11Y8Y
283,eur 11Y9Y,2.7052264420269183,2.7051817206416815,11Y9Y
284,eur 11Y10Y,2.6540541401566458,2.469898987642639,11Y10Y
285,eur 11Y11Y,2.6120780562083414,2.486594587178955,11Y11Y
286,eur 11Y12Y,2.5770309273089076,2.5004498697577646,11Y12Y
287,eur 11Y13Y,2.5471239238994032,2.512235870964158,11Y13Y
288,eur 11Y14Y,2.521734599414975,2.5221664333669893,11Y14Y
289,eur 11Y15Y,2.487074808437494,2.5307477723840974,11Y15Y
290,eur 11Y16Y,2.4565940594672906,2.4876239541327663,11Y16Y
291,eur 11Y17Y,2.42958487969823,2.449283786337093,11Y17Y
292,eur 11Y18Y,2.405611640268324,2.4151533641407408,11Y18Y
293,eur 11Y19Y,2.3840298325863434,2.384342409417074,11Y19Y
294,eur 12Y1Y,2.880263077426377,-12.91451304978711,12Y1Y
295,eur 12Y2Y,2.880095084917208,-1.0791503221297412,12Y2Y
296,eur 12Y3Y,2.8800388001383492,2.8680685935456562,12Y3Y
297,eur 12Y4Y,2.799239399429556,4.8269787505565835,12Y4Y
298,eur 12Y5Y,2.7508580557714457,4.012633028389838,12Y5Y
299,eur 12Y6Y,2.718591699268484,3.4375319105996884,12Y6Y
300,eur 12Y7Y,2.6954561061226974,3.0077033768047756,12Y7Y
301,eur 12Y8Y,2.6782239437298876,2.6782948226972976,12Y8Y
302,eur 12Y9Y,2.6232493035993887,2.4159733272017703,12Y9Y
303,eur 12Y10Y,2.57916421099976,2.4394418279027352,12Y10Y
304,eur 12Y11Y,2.543032194660097,2.458560741809498,12Y11Y
305,eur 12Y12Y,2.512674701122572,2.474570818728879,12Y12Y
306,eur 12Y13Y,2.487236980792265,2.487892981983968,12Y13Y
307,eur 12Y14Y,2.451692210531386,2.499279432754627,12Y14Y
308,eur 12Y15Y,2.4207355528168932,2.4544148154737475,12Y15Y
309,eur 12Y16Y,2.393537965566763,2.4148608724043314,12Y16Y
310,eur 12Y17Y,2.3695786220046084,2.3799110988362617,12Y17Y
311,eur 12Y18Y,2.3481539496178505,2.348569772135782,12Y18Y
312,eur 13Y1Y,2.88003487028287,12.345033986698905,13Y1Y
313,eur 13Y2Y,2.8791255653907792,12.345033986698915,13Y2Y
314,eur 13Y3Y,2.770167102386007,12.303669690886021,13Y3Y
315,eur 13Y4Y,2.715636952937084,9.511610911029328,13Y4Y
316,eur 13Y5Y,2.6831387804069937,7.771324422179649,13Y5Y
317,eur 13Y6Y,2.6614452339124965,6.574471407757488,13Y6Y
318,eur 13Y7Y,2.6455916300948945,5.69673681121719,13Y7Y
319,eur 13Y8Y,2.5866173189641466,5.033010127148362,13Y8Y
320,eur 13Y9Y,2.5406497831343247,4.788836717500497,13Y9Y
321,eur 13Y10Y,2.503644836982605,4.594335273550422,13Y10Y
322,eur 13Y11Y,2.4735733224382157,4.437711502888239,13Y11Y
323,eur 13Y12Y,2.4483804216206413,4.307673433593452,13Y12Y
324,eur 13Y13Y,2.4120839009875805,4.197916748087937,13Y13Y
325,eur 13Y14Y,2.38091278865844,4.043345046597885,13Y14Y
326,eur 13Y15Y,2.3536608045445173,3.9079489910451843,13Y15Y
327,eur 13Y16Y,2.330042914697032,3.7904822668319222,13Y16Y
328,eur 13Y17Y,2.309178654634213,3.6865749950640025,13Y17Y
329,eur 14Y1Y,2.87911229794439,12.345033986698924,14Y1Y
330,eur 14Y2Y,2.713437160634042,12.295804525238665,14Y2Y
331,eur 14Y3Y,2.658398868773487,8.39376058238157,14Y3Y
332,eur 14Y4Y,2.630796754167667,6.374923102852268,14Y4Y
333,eur 14Y5Y,2.614328914133042,5.15451956179166,14Y5Y
334,eur 14Y6Y,2.6031506911684477,4.329583762119686,14Y6Y
335,eur 14Y7Y,2.5404668333961715,3.738163584681698,14Y7Y
336,eur 14Y8Y,2.493353328072027,3.610960905230547,14Y8Y
337,eur 14Y9Y,2.45666101304815,3.5133655162352153,14Y9Y
338,eur 14Y10Y,2.4271444298479516,3.435767230023848,14Y10Y
339,eur 14Y11Y,2.4031676314741417,3.373350982694306,14Y11Y
340,eur 14Y12Y,2.366656737010322,3.3213888744320017,14Y12Y
341,eur 14Y13Y,2.335707616454302,3.210951930493036,14Y13Y
342,eur 14Y14Y,2.3090826780103297,3.1158963175384384,14Y14Y
343,eur 14Y15Y,2.2859350890240546,3.0332160464227487,14Y15Y
344,eur 14Y16Y,2.2658258568673157,2.961384520389688,14Y16Y
345,eur 15Y1Y,2.5439414719048754,12.276089581081372,15Y1Y
346,eur 15Y2Y,2.543897541777476,6.192780664422677,15Y2Y
347,eur 15Y3Y,2.543882876575027,4.161319468137095,15Y3Y
348,eur 15Y4Y,2.5439185270333793,3.1407177393973176,15Y4Y
349,eur 15Y5Y,2.5438891449743464,2.5334715749654215,15Y5Y
350,eur 15Y6Y,2.479094399629757,2.128278293635027,15Y6Y
351,eur 15Y7Y,2.4327148825537153,2.2046548431760575,15Y7Y
352,eur 15Y8Y,2.3978837087907126,2.261021156511638,15Y8Y
353,eur 15Y9Y,2.370594028610949,2.304657506905693,15Y9Y
354,eur 15Y10Y,2.3489766869786037,2.338789096548358,15Y10Y
355,eur 15Y11Y,2.313141745785473,2.3664993064969924,15Y11Y
356,eur 15Y12Y,2.2831433282365747,2.316617793538937,15Y12Y
357,eur 15Y13Y,2.2576682392859984,2.2742512427275505,15Y13Y
358,eur 15Y14Y,2.235875441995113,2.2380071901734926,15Y14Y
359,eur 15Y15Y,2.2168845469044682,2.206414454660317,15Y15Y
360,eur 16Y1Y,2.54385235515069,0.087399738630827,16Y1Y
361,eur 16Y2Y,2.5438523551506798,0.087399738630827,16Y2Y
362,eur 16Y3Y,2.5439104724201798,0.08739980953386907,16Y3Y
363,eur 16Y4Y,2.543875179323645,0.08739976550260366,16Y4Y
364,eur 16Y5Y,2.4650837904169913,0.08879700960515442,16Y5Y
365,eur 16Y6Y,2.4124601349286463,0.5097460292175411,16Y6Y
366,eur 16Y7Y,2.374832015019884,0.8060019634698169,16Y7Y
367,eur 16Y8Y,2.346415913530752,1.0273380416050892,16Y8Y
368,eur 16Y9Y,2.3245348042160527,1.196023550296312,16Y9Y
369,eur 16Y10Y,2.2868201904808725,1.3301186412553512,16Y10Y
370,eur 16Y11Y,2.255827140538959,1.3603824453074045,16Y11Y
371,eur 16Y12Y,2.229911316637841,1.385724986176601,16Y12Y
372,eur 16Y13Y,2.208029200240463,1.4071390817395864,16Y13Y
373,eur 16Y14Y,2.1891736238441752,1.4256191501700926,16Y14Y
374,eur 17Y1Y,2.5438523551506678,0.087399738630827,17Y1Y
375,eur 17Y2Y,2.5439405828078687,0.08739984493574315,17Y2Y
376,eur 17Y3Y,2.543883176585303,0.0873997744675838,17Y3Y
377,eur 17Y4Y,2.44413921381333,0.08914687526492131,17Y4Y
378,eur 17Y5Y,2.3841943179606604,0.594832521991032,17Y5Y
379,eur 17Y6Y,2.344197533042249,0.9276321382258713,17Y6Y
380,eur 17Y7Y,2.3154438771920116,1.1648593880047118,17Y7Y
381,eur 17Y8Y,2.2940944050156102,1.339490413325531,17Y8Y
382,eur 17Y9Y,2.254768359173987,1.474681001321168,17Y9Y
383,eur 17Y10Y,2.2231729265792466,1.4950456744064946,17Y10Y
384,eur 17Y11Y,2.1972382959297767,1.5118065486138679,17Y11Y
385,eur 17Y12Y,2.1756748593031157,1.525764415746054,17Y12Y
386,eur 17Y13Y,2.157335407846171,1.5376651421404715,17Y13Y
387,eur 18Y1Y,2.544030592812861,0.08739995075502825,18Y1Y
388,eur 18Y2Y,2.5438991626663525,0.08739979238518396,18Y2Y
389,eur 18Y3Y,2.409254305784678,0.08972977990532828,18Y3Y
390,eur 18Y4Y,2.3418335466210674,0.7227088809252834,18Y4Y
391,eur 18Y5Y,2.3013569651327423,1.0986420222674886,18Y5Y
392,eur 18Y6Y,2.2742148701264124,1.3493260962470532,18Y6Y
393,eur 18Y7Y,2.2550188984564703,1.525418583858761,18Y7Y
394,eur 18Y8Y,2.214769165614033,1.6571200608557113,18Y8Y
395,eur 18Y9Y,2.183333108875519,1.6614044721028431,18Y9Y
396,eur 18Y10Y,2.1581072171107736,1.664858672282387,18Y10Y
397,eur 18Y11Y,2.1375167388879532,1.6676823440481205,18Y11Y
398,eur 18Y12Y,2.120273477389404,1.6700596005781276,18Y12Y
399,eur 19Y1Y,2.5416763977838657,0.08739984469284831,19Y1Y
400,eur 19Y2Y,2.3384255055515273,0.09788492724034317,19Y2Y
401,eur 19Y3Y,2.270568588837595,0.941079753729179,19Y3Y
402,eur 19Y4Y,2.2365125338620286,1.3619799068165515,19Y4Y
403,eur 19Y5Y,2.2162184700059,1.611419249889805,19Y5Y
404,eur 19Y6Y,2.2025554255317403,1.7779170751363702,19Y6Y
405,eur 19Y7Y,2.1629375830249096,1.8959221208238315,19Y7Y
406,eur 19Y8Y,2.1331906916325987,1.873340971543717,19Y8Y
407,eur 19Y9Y,2.1098862385751063,1.8555713768433586,19Y9Y
408,eur 19Y10Y,2.0914280698959886,1.8414466022536808,19Y10Y
409,eur 19Y11Y,2.076313800258778,1.8298471552432154,19Y11Y
410,eur 20Y1Y,2.1302159173202684,0.09440300863723718,20Y1Y
411,eur 20Y2Y,2.1302159173202684,1.3683549917742568,20Y2Y
412,eur 20Y3Y,2.1302159173202684,1.7929041644473234,20Y3Y
413,eur 20Y4Y,2.1302616353230137,2.006461305495781,20Y4Y
414,eur 20Y5Y,2.130240972634282,2.1329493560665815,20Y5Y
415,eur 20Y6Y,2.0950218896641575,2.2173592762770067,20Y6Y
416,eur 20Y7Y,2.0697643345051024,2.1486265686384987,20Y7Y
417,eur 20Y8Y,2.0507709978376023,2.0966680888740874,20Y8Y
418,eur 20Y9Y,2.0360349294251328,2.0562089148878715,20Y9Y
419,eur 20Y10Y,2.024194886356673,2.0235824658165487,20Y10Y
420,eur 21Y1Y,2.1302159173202684,2.6768828183529196,21Y1Y
421,eur 21Y2Y,2.1302159173202684,2.6768828183529196,21Y2Y
422,eur 21Y3Y,2.1302774960119506,2.6769793488320506,21Y3Y
423,eur 21Y4Y,2.130247569724185,2.6769326948807253,21Y4Y
424,eur 21Y5Y,2.087527546587031,2.676904654755886,21Y5Y
425,eur 21Y6Y,2.058929958269053,2.5235180753417366,21Y6Y
426,eur 21Y7Y,2.0384514915713807,2.4131289784705365,21Y7Y
427,eur 21Y8Y,2.0231314923292354,2.3302851960061615,21Y8Y
428,eur 21Y9Y,2.011166270928896,2.265361107221715,21Y9Y
429,eur 22Y1Y,2.1302159173202675,2.6768828183529196,22Y1Y
430,eur 22Y2Y,2.130309160429255,2.677029390344137,22Y2Y
431,eur 22Y3Y,2.130258560286582,2.6769502006345887,22Y3Y
432,eur 22Y4Y,2.076286384370279,2.67691048546339,22Y4Y
433,eur 22Y5Y,2.043763112073224,2.4903812888047985,22Y5Y
434,eur 22Y6Y,2.022029765511333,2.3651630425234202,22Y6Y
435,eur 22Y7Y,2.0065460958627876,2.27572138643561,22Y7Y
436,eur 22Y8Y,1.9948877731555998,2.2081709408747385,22Y8Y
437,eur 23Y1Y,2.1304036574484537,2.677178745949107,23Y1Y
438,eur 23Y2Y,2.130280516709343,2.6769851775581004,23Y2Y
439,eur 23Y3Y,2.057557754654667,2.6769202044317897,23Y3Y
440,eur 23Y4Y,2.02102213291292,2.4406984929524755,23Y4Y
441,eur 23Y5Y,1.9990538605167238,2.2980978895455766,23Y5Y
442,eur 23Y6Y,1.984446404571292,2.203107114454301,23Y6Y
443,eur 23Y7Y,1.9739755934877325,2.1348312043234667,23Y7Y
444,eur 24Y1Y,2.129603498038909,2.6768828183529196,24Y1Y
445,eur 24Y2Y,2.0193327290486764,2.674227774479603,24Y2Y
446,eur 24Y3Y,1.9825802986591399,2.355863390005442,24Y3Y
447,eur 24Y4Y,1.9641323317158308,2.1953799062925747,24Y4Y
448,eur 24Y5Y,1.9531587936883346,2.100097407421241,24Y5Y
449,eur 24Y6Y,1.945833734294714,2.036440141884242,24Y6Y
450,eur 25Y1Y,1.9069299683524006,2.6741918176307196,25Y1Y
451,eur 25Y2Y,1.9069299683524006,2.1909593573485684,25Y2Y
452,eur 25Y3Y,1.9069464054837533,2.029629432269567,25Y3Y
453,eur 25Y4Y,1.9069668586797408,1.948922591252771,25Y4Y
454,eur 25Y5Y,1.9069501692049766,1.9008865406031803,25Y5Y
455,eur 26Y1Y,1.9069299683524006,1.6994007845089774,26Y1Y
456,eur 26Y2Y,1.9069548536748127,1.6994205824001114,26Y2Y
457,eur 26Y3Y,1.9069467250411307,1.6994141019431959,26Y3Y
458,eur 26Y4Y,1.9069671004225635,1.6994303459022913,26Y4Y
459,eur 27Y1Y,1.9069801521537857,1.6994406673250244,27Y1Y
460,eur 27Y2Y,1.9069553361340772,1.6994209244557614,27Y2Y
461,eur 27Y3Y,1.9069799260790918,1.6994405146019935,27Y3Y
462,eur 28Y1Y,1.9069299683524006,1.6994007845089778,28Y1Y
463,eur 28Y2Y,1.9069798097380213,1.6994404362521291,28Y2Y
464,eur 29Y1Y,1.907030337713262,1.6994805513872728,29Y1Y
